timestamp_utc,timestamp_local,symbol,signal,regime,price,reason,extras_json
2026-03-20T16:40:00+00:00,2026-03-20 12:40:00 EDT,SPY,RANGE_BUTTERFLY_ZONE,RANGE,652.46,Price is near estimated range center; suitable for neutral structures like butterfly/iron fly review.,"{""range_center"": 652.7846, ""range_width_pct"": 0.0031}"
2026-03-20T16:50:00+00:00,2026-03-20 12:50:00 EDT,SPY,RANGE_BUTTERFLY_ZONE,RANGE,652.49,Price is near estimated range center; suitable for neutral structures like butterfly/iron fly review.,"{""range_center"": 652.7671, ""range_width_pct"": 0.0031}"
2026-03-20T16:58:00+00:00,2026-03-20 12:58:00 EDT,QQQ,RANGE_BUTTERFLY_ZONE,RANGE,586.25,Price is near estimated range center; suitable for neutral structures like butterfly/iron fly review.,"{""range_center"": 586.5091, ""range_width_pct"": 0.0049}"
2026-03-20T17:00:00+00:00,2026-03-20 13:00:00 EDT,SPY,RANGE_BUTTERFLY_ZONE,RANGE,652.99,Price is near estimated range center; suitable for neutral structures like butterfly/iron fly review.,"{""range_center"": 652.8202, ""range_width_pct"": 0.0031}"
2026-03-20T17:10:00+00:00,2026-03-20 13:10:00 EDT,SPY,RANGE_BUTTERFLY_ZONE,RANGE,652.54,Price is near estimated range center; suitable for neutral structures like butterfly/iron fly review.,"{""range_center"": 652.8419, ""range_width_pct"": 0.0034}"
2026-03-20T17:20:00+00:00,2026-03-20 13:20:00 EDT,SPY,RANGE_BUTTERFLY_ZONE,RANGE,652.24,Price is near estimated range center; suitable for neutral structures like butterfly/iron fly review.,"{""range_center"": 652.8321, ""range_width_pct"": 0.0034}"
2026-03-20T17:30:00+00:00,2026-03-20 13:30:00 EDT,SPY,RANGE_BUTTERFLY_ZONE,RANGE,652.27,Price is near estimated range center; suitable for neutral structures like butterfly/iron fly review.,"{""range_center"": 652.7554, ""range_width_pct"": 0.0025}"
2026-03-20T17:35:00+00:00,2026-03-20 13:35:00 EDT,QQQ,TREND_SHORT,TREND_DOWN,584.08,Trend-down pullback to fast EMA with negative momentum/volume confirmation.,"{""ema_fast"": 584.9232, ""stop_price"": 586.1886, ""target_price"": 580.9171, ""volume_ratio"": 1.47}"
2026-03-20T17:39:00+00:00,2026-03-20 13:39:00 EDT,QQQ,EXIT_SHORT,NO_TRADE,584.13,Short exited because regime is no longer TREND_DOWN.,{}
2026-03-20T17:47:00+00:00,2026-03-20 13:47:00 EDT,SPY,TREND_SHORT,TREND_DOWN,650.75,Trend-down pullback to fast EMA with negative momentum/volume confirmation.,"{""ema_fast"": 651.4037, ""stop_price"": 652.8919, ""target_price"": 647.5372, ""volume_ratio"": 1.135}"
2026-03-20T17:50:00+00:00,2026-03-20 13:50:00 EDT,QQQ,TREND_SHORT,TREND_DOWN,583.99,Trend-down pullback to fast EMA with negative momentum/volume confirmation.,"{""ema_fast"": 584.1635, ""stop_price"": 585.0677, ""target_price"": 582.238, ""volume_ratio"": 1.247}"
2026-03-20T17:51:00+00:00,2026-03-20 13:51:00 EDT,QQQ,EXIT_SHORT,NO_TRADE,583.92,Short exited because regime is no longer TREND_DOWN.,{}
2026-03-20T17:53:00+00:00,2026-03-20 13:53:00 EDT,SPY,EXIT_SHORT,NO_TRADE,651.25,Short exited because regime is no longer TREND_DOWN.,{}
2026-03-20T18:04:00+00:00,2026-03-20 14:04:00 EDT,SPY,TREND_SHORT,TREND_DOWN,650.81,Trend-down pullback to fast EMA with negative momentum/volume confirmation.,"{""ema_fast"": 651.241, ""stop_price"": 652.2214, ""target_price"": 648.693, ""volume_ratio"": 1.457}"
2026-03-20T18:15:00+00:00,2026-03-20 14:15:00 EDT,SPY,EXIT_SHORT,NO_TRADE,650.54,Short exited because regime is no longer TREND_DOWN.,{}
2026-03-20T18:20:00+00:00,2026-03-20 14:20:00 EDT,QQQ,TREND_SHORT,TREND_DOWN,583.29,Trend-down pullback to fast EMA with negative momentum/volume confirmation.,"{""ema_fast"": 583.8017, ""stop_price"": 584.9576, ""target_price"": 580.7886, ""volume_ratio"": 1.54}"
2026-03-20T18:25:00+00:00,2026-03-20 14:25:00 EDT,QQQ,EXIT_SHORT,NO_TRADE,582.75,Short exited because regime is no longer TREND_DOWN.,{}
2026-03-20T18:37:00+00:00,2026-03-20 14:37:00 EDT,QQQ,TREND_SHORT,TREND_DOWN,581.82,Trend-down pullback to fast EMA with negative momentum/volume confirmation.,"{""ema_fast"": 582.6748, ""stop_price"": 584.1269, ""target_price"": 578.3596, ""volume_ratio"": 1.19}"
2026-03-20T18:38:00+00:00,2026-03-20 14:38:00 EDT,SPY,TREND_SHORT,TREND_DOWN,648.43,Trend-down pullback to fast EMA with negative momentum/volume confirmation.,"{""ema_fast"": 649.3211, ""stop_price"": 650.9003, ""target_price"": 644.7245, ""volume_ratio"": 1.385}"
2026-03-20T18:49:00+00:00,2026-03-20 14:49:00 EDT,QQQ,EXIT_SHORT,NO_TRADE,581.44,Short exited because regime is no longer TREND_DOWN.,{}
2026-03-20T18:49:00+00:00,2026-03-20 14:49:00 EDT,SPY,EXIT_SHORT,NO_TRADE,647.94,Short exited because regime is no longer TREND_DOWN.,{}
2026-03-20T19:34:00+00:00,2026-03-20 15:34:00 EDT,QQQ,TREND_SHORT,TREND_DOWN,580.03,Trend-down pullback to fast EMA with negative momentum/volume confirmation.,"{""ema_fast"": 580.7796, ""stop_price"": 582.0953, ""target_price"": 576.932, ""volume_ratio"": 1.258}"
2026-03-20T19:39:00+00:00,2026-03-20 15:39:00 EDT,QQQ,EXIT_SHORT,NO_TRADE,579.32,Short exited because regime is no longer TREND_DOWN.,{}
2026-03-23T17:45:00+00:00,2026-03-23 13:45:00 EDT,QQQ,RANGE_BUTTERFLY_ZONE,RANGE,588.38,Price is near estimated range center; suitable for neutral structures like butterfly/iron fly review.,"{""range_center"": 587.715, ""range_width_pct"": 0.0066}"
2026-03-23T18:05:00+00:00,2026-03-23 14:05:00 EDT,SPY,TREND_LONG,TREND_UP,658.03,Trend-up pullback to fast EMA with positive momentum/volume confirmation.,"{""ema_fast"": 657.5345, ""stop_price"": 655.9948, ""target_price"": 661.0828, ""volume_ratio"": 1.199}"
2026-03-23T18:06:00+00:00,2026-03-23 14:06:00 EDT,SPY,EXIT_LONG,NO_TRADE,657.77,Long exited because regime is no longer TREND_UP.,{}
2026-03-23T18:32:00+00:00,2026-03-23 14:32:00 EDT,QQQ,TREND_LONG,TREND_UP,589.86,Trend-up pullback to fast EMA with positive momentum/volume confirmation.,"{""ema_fast"": 589.5467, ""stop_price"": 588.5288, ""target_price"": 591.8568, ""volume_ratio"": 1.298}"
2026-03-23T18:34:00+00:00,2026-03-23 14:34:00 EDT,SPY,TREND_LONG,TREND_UP,658.85,Trend-up pullback to fast EMA with positive momentum/volume confirmation.,"{""ema_fast"": 657.8725, ""stop_price"": 656.6443, ""target_price"": 662.1586, ""volume_ratio"": 1.447}"
2026-03-23T18:42:00+00:00,2026-03-23 14:42:00 EDT,QQQ,EXIT_LONG,NO_TRADE,590.76,Long exited because regime is no longer TREND_UP.,{}
2026-03-23T18:42:00+00:00,2026-03-23 14:42:00 EDT,SPY,EXIT_LONG,NO_TRADE,658.81,Long exited because regime is no longer TREND_UP.,{}
2026-03-23T19:15:00+00:00,2026-03-23 15:15:00 EDT,SPY,RANGE_BUTTERFLY_ZONE,RANGE,658.0,Price is near estimated range center; suitable for neutral structures like butterfly/iron fly review.,"{""range_center"": 658.1392, ""range_width_pct"": 0.0038}"
2026-03-23T19:21:00+00:00,2026-03-23 15:21:00 EDT,QQQ,RANGE_BUTTERFLY_ZONE,RANGE,590.07,Price is near estimated range center; suitable for neutral structures like butterfly/iron fly review.,"{""range_center"": 590.2169, ""range_width_pct"": 0.0039}"
2026-03-23T19:25:00+00:00,2026-03-23 15:25:00 EDT,SPY,RANGE_BUTTERFLY_ZONE,RANGE,657.5,Price is near estimated range center; suitable for neutral structures like butterfly/iron fly review.,"{""range_center"": 658.1714, ""range_width_pct"": 0.0036}"
2026-03-23T19:31:00+00:00,2026-03-23 15:31:00 EDT,QQQ,RANGE_BUTTERFLY_ZONE,RANGE,589.93,Price is near estimated range center; suitable for neutral structures like butterfly/iron fly review.,"{""range_center"": 590.2532, ""range_width_pct"": 0.0032}"
2026-03-23T19:37:00+00:00,2026-03-23 15:37:00 EDT,SPY,RANGE_BUTTERFLY_ZONE,RANGE,657.33,Price is near estimated range center; suitable for neutral structures like butterfly/iron fly review.,"{""range_center"": 658.1003, ""range_width_pct"": 0.0036}"
2026-03-23T19:41:00+00:00,2026-03-23 15:41:00 EDT,QQQ,RANGE_BUTTERFLY_ZONE,RANGE,590.13,Price is near estimated range center; suitable for neutral structures like butterfly/iron fly review.,"{""range_center"": 590.2936, ""range_width_pct"": 0.0028}"
2026-03-23T19:47:00+00:00,2026-03-23 15:47:00 EDT,SPY,RANGE_BUTTERFLY_ZONE,RANGE,657.87,Price is near estimated range center; suitable for neutral structures like butterfly/iron fly review.,"{""range_center"": 658.1238, ""range_width_pct"": 0.0034}"
2026-03-23T19:52:00+00:00,2026-03-23 15:52:00 EDT,QQQ,RANGE_BUTTERFLY_ZONE,RANGE,589.72,Price is near estimated range center; suitable for neutral structures like butterfly/iron fly review.,"{""range_center"": 590.3897, ""range_width_pct"": 0.0027}"
2026-03-24T15:57:00+00:00,2026-03-24 11:57:00 EDT,QQQ,RANGE_BUTTERFLY_ZONE,RANGE,585.72,Price is near estimated range center; suitable for neutral structures like butterfly/iron fly review.,"{""range_center"": 585.8433, ""range_width_pct"": 0.0059}"
2026-03-24T16:03:00+00:00,2026-03-24 12:03:00 EDT,SPY,RANGE_BUTTERFLY_ZONE,RANGE,654.73,Price is near estimated range center; suitable for neutral structures like butterfly/iron fly review.,"{""range_center"": 655.095, ""range_width_pct"": 0.004}"
2026-03-24T16:07:00+00:00,2026-03-24 12:07:00 EDT,QQQ,RANGE_BUTTERFLY_ZONE,RANGE,585.5,Price is near estimated range center; suitable for neutral structures like butterfly/iron fly review.,"{""range_center"": 586.0164, ""range_width_pct"": 0.0049}"
2026-03-24T16:13:00+00:00,2026-03-24 12:13:00 EDT,SPY,RANGE_BUTTERFLY_ZONE,RANGE,654.82,Price is near estimated range center; suitable for neutral structures like butterfly/iron fly review.,"{""range_center"": 655.2598, ""range_width_pct"": 0.0042}"
2026-03-24T16:17:00+00:00,2026-03-24 12:17:00 EDT,QQQ,RANGE_BUTTERFLY_ZONE,RANGE,586.69,Price is near estimated range center; suitable for neutral structures like butterfly/iron fly review.,"{""range_center"": 586.167, ""range_width_pct"": 0.0048}"
2026-03-24T16:23:00+00:00,2026-03-24 12:23:00 EDT,SPY,RANGE_BUTTERFLY_ZONE,RANGE,656.1,Price is near estimated range center; suitable for neutral structures like butterfly/iron fly review.,"{""range_center"": 655.4877, ""range_width_pct"": 0.0042}"
2026-03-24T16:27:00+00:00,2026-03-24 12:27:00 EDT,QQQ,RANGE_BUTTERFLY_ZONE,RANGE,586.69,Price is near estimated range center; suitable for neutral structures like butterfly/iron fly review.,"{""range_center"": 586.3733, ""range_width_pct"": 0.0045}"
2026-03-24T16:33:00+00:00,2026-03-24 12:33:00 EDT,SPY,RANGE_BUTTERFLY_ZONE,RANGE,655.58,Price is near estimated range center; suitable for neutral structures like butterfly/iron fly review.,"{""range_center"": 655.6513, ""range_width_pct"": 0.0042}"
2026-03-24T16:43:00+00:00,2026-03-24 12:43:00 EDT,SPY,RANGE_BUTTERFLY_ZONE,RANGE,655.1,Price is near estimated range center; suitable for neutral structures like butterfly/iron fly review.,"{""range_center"": 655.5919, ""range_width_pct"": 0.0046}"
2026-03-24T16:44:00+00:00,2026-03-24 12:44:00 EDT,QQQ,RANGE_BUTTERFLY_ZONE,RANGE,585.64,Price is near estimated range center; suitable for neutral structures like butterfly/iron fly review.,"{""range_center"": 586.3339, ""range_width_pct"": 0.0054}"
2026-03-24T16:53:00+00:00,2026-03-24 12:53:00 EDT,SPY,RANGE_BUTTERFLY_ZONE,RANGE,655.38,Price is near estimated range center; suitable for neutral structures like butterfly/iron fly review.,"{""range_center"": 655.5664, ""range_width_pct"": 0.004}"
2026-03-24T16:54:00+00:00,2026-03-24 12:54:00 EDT,QQQ,RANGE_BUTTERFLY_ZONE,RANGE,585.58,Price is near estimated range center; suitable for neutral structures like butterfly/iron fly review.,"{""range_center"": 586.1978, ""range_width_pct"": 0.0041}"
2026-03-24T17:11:00+00:00,2026-03-24 13:11:00 EDT,SPY,TREND_SHORT,TREND_DOWN,653.12,Trend-down pullback to fast EMA with negative momentum/volume confirmation.,"{""ema_fast"": 654.0578, ""stop_price"": 655.9143, ""target_price"": 648.9285, ""volume_ratio"": 2.31}"
2026-03-24T17:15:00+00:00,2026-03-24 13:15:00 EDT,SPY,EXIT_SHORT,NO_TRADE,652.99,Short exited because regime is no longer TREND_DOWN.,{}
2026-03-24T17:38:00+00:00,2026-03-24 13:38:00 EDT,QQQ,TREND_SHORT,TREND_DOWN,583.28,Trend-down pullback to fast EMA with negative momentum/volume confirmation.,"{""ema_fast"": 583.4054, ""stop_price"": 584.6373, ""target_price"": 581.244, ""volume_ratio"": 1.08}"
2026-03-24T17:39:00+00:00,2026-03-24 13:39:00 EDT,QQQ,EXIT_SHORT,NO_TRADE,583.52,Short exited because regime is no longer TREND_DOWN.,{}
2026-03-24T18:00:00+00:00,2026-03-24 14:00:00 EDT,SPY,RANGE_BUTTERFLY_ZONE,RANGE,654.56,Price is near estimated range center; suitable for neutral structures like butterfly/iron fly review.,"{""range_center"": 653.8488, ""range_width_pct"": 0.004}"
2026-03-24T18:02:00+00:00,2026-03-24 14:02:00 EDT,QQQ,RANGE_BUTTERFLY_ZONE,RANGE,584.72,Price is near estimated range center; suitable for neutral structures like butterfly/iron fly review.,"{""range_center"": 584.1388, ""range_width_pct"": 0.0046}"
2026-03-24T18:10:00+00:00,2026-03-24 14:10:00 EDT,SPY,RANGE_BUTTERFLY_ZONE,RANGE,653.69,Price is near estimated range center; suitable for neutral structures like butterfly/iron fly review.,"{""range_center"": 653.7743, ""range_width_pct"": 0.004}"
2026-03-24T18:12:00+00:00,2026-03-24 14:12:00 EDT,QQQ,RANGE_BUTTERFLY_ZONE,RANGE,584.5,Price is near estimated range center; suitable for neutral structures like butterfly/iron fly review.,"{""range_center"": 584.0351, ""range_width_pct"": 0.0046}"
2026-03-24T18:20:00+00:00,2026-03-24 14:20:00 EDT,SPY,RANGE_BUTTERFLY_ZONE,RANGE,654.03,Price is near estimated range center; suitable for neutral structures like butterfly/iron fly review.,"{""range_center"": 653.6302, ""range_width_pct"": 0.004}"
2026-03-24T18:22:00+00:00,2026-03-24 14:22:00 EDT,QQQ,RANGE_BUTTERFLY_ZONE,RANGE,584.26,Price is near estimated range center; suitable for neutral structures like butterfly/iron fly review.,"{""range_center"": 583.8723, ""range_width_pct"": 0.0046}"
2026-03-24T19:23:00+00:00,2026-03-24 15:23:00 EDT,SPY,RANGE_BUTTERFLY_ZONE,RANGE,654.96,Price is near estimated range center; suitable for neutral structures like butterfly/iron fly review.,"{""range_center"": 654.7346, ""range_width_pct"": 0.0042}"
2026-03-24T19:28:00+00:00,2026-03-24 15:28:00 EDT,QQQ,RANGE_BUTTERFLY_ZONE,RANGE,585.16,Price is near estimated range center; suitable for neutral structures like butterfly/iron fly review.,"{""range_center"": 585.3204, ""range_width_pct"": 0.0041}"
2026-03-24T19:33:00+00:00,2026-03-24 15:33:00 EDT,SPY,RANGE_BUTTERFLY_ZONE,RANGE,654.37,Price is near estimated range center; suitable for neutral structures like butterfly/iron fly review.,"{""range_center"": 654.7908, ""range_width_pct"": 0.004}"
2026-03-24T19:41:00+00:00,2026-03-24 15:41:00 EDT,QQQ,RANGE_BUTTERFLY_ZONE,RANGE,584.63,Price is near estimated range center; suitable for neutral structures like butterfly/iron fly review.,"{""range_center"": 585.3269, ""range_width_pct"": 0.0039}"
2026-03-24T19:50:00+00:00,2026-03-24 15:50:00 EDT,SPY,TREND_SHORT,TREND_DOWN,653.32,Trend-down pullback to fast EMA with negative momentum/volume confirmation.,"{""ema_fast"": 653.8659, ""stop_price"": 654.8935, ""target_price"": 650.9598, ""volume_ratio"": 1.527}"
2026-03-24T19:52:00+00:00,2026-03-24 15:52:00 EDT,QQQ,TREND_SHORT,TREND_DOWN,583.65,Trend-down pullback to fast EMA with negative momentum/volume confirmation.,"{""ema_fast"": 584.3221, ""stop_price"": 585.448, ""target_price"": 580.953, ""volume_ratio"": 1.434}"
2026-03-24T19:58:00+00:00,2026-03-24 15:58:00 EDT,SPY,EXIT_SHORT,NO_TRADE,652.79,Short exited because regime is no longer TREND_DOWN.,{}
2026-03-24T19:59:00+00:00,2026-03-24 15:59:00 EDT,QQQ,EXIT_SHORT,NO_TRADE,583.93,Short exited because regime is no longer TREND_DOWN.,{}
2026-03-25T15:29:00+00:00,2026-03-25 11:29:00 EDT,SPY,RANGE_BUTTERFLY_ZONE,RANGE,657.84,Price is near estimated range center; suitable for neutral structures like butterfly/iron fly review.,"{""range_center"": 657.7413, ""range_width_pct"": 0.0076}"
2026-03-25T15:30:00+00:00,2026-03-25 11:30:00 EDT,QQQ,RANGE_BUTTERFLY_ZONE,RANGE,589.22,Price is near estimated range center; suitable for neutral structures like butterfly/iron fly review.,"{""range_center"": 589.4803, ""range_width_pct"": 0.0094}"
2026-03-25T15:50:00+00:00,2026-03-25 11:50:00 EDT,SPY,RANGE_BUTTERFLY_ZONE,RANGE,656.95,Price is near estimated range center; suitable for neutral structures like butterfly/iron fly review.,"{""range_center"": 657.6843, ""range_width_pct"": 0.0076}"
2026-03-25T16:00:00+00:00,2026-03-25 12:00:00 EDT,SPY,RANGE_BUTTERFLY_ZONE,RANGE,656.83,Price is near estimated range center; suitable for neutral structures like butterfly/iron fly review.,"{""range_center"": 657.5023, ""range_width_pct"": 0.0073}"
2026-03-25T16:12:00+00:00,2026-03-25 12:12:00 EDT,SPY,RANGE_BUTTERFLY_ZONE,RANGE,656.46,Price is near estimated range center; suitable for neutral structures like butterfly/iron fly review.,"{""range_center"": 657.2359, ""range_width_pct"": 0.0061}"
2026-03-25T16:22:00+00:00,2026-03-25 12:22:00 EDT,SPY,RANGE_BUTTERFLY_ZONE,RANGE,656.61,Price is near estimated range center; suitable for neutral structures like butterfly/iron fly review.,"{""range_center"": 656.9948, ""range_width_pct"": 0.0034}"
2026-03-25T16:28:00+00:00,2026-03-25 12:28:00 EDT,QQQ,RANGE_BUTTERFLY_ZONE,RANGE,588.69,Price is near estimated range center; suitable for neutral structures like butterfly/iron fly review.,"{""range_center"": 588.0256, ""range_width_pct"": 0.0046}"
2026-03-25T16:48:00+00:00,2026-03-25 12:48:00 EDT,SPY,RANGE_BUTTERFLY_ZONE,RANGE,657.54,Price is near estimated range center; suitable for neutral structures like butterfly/iron fly review.,"{""range_center"": 657.1051, ""range_width_pct"": 0.0035}"
2026-03-25T16:51:00+00:00,2026-03-25 12:51:00 EDT,QQQ,RANGE_BUTTERFLY_ZONE,RANGE,588.47,Price is near estimated range center; suitable for neutral structures like butterfly/iron fly review.,"{""range_center"": 588.1734, ""range_width_pct"": 0.0049}"
2026-03-25T16:58:00+00:00,2026-03-25 12:58:00 EDT,SPY,RANGE_BUTTERFLY_ZONE,RANGE,657.67,Price is near estimated range center; suitable for neutral structures like butterfly/iron fly review.,"{""range_center"": 657.1874, ""range_width_pct"": 0.0035}"
2026-03-25T17:03:00+00:00,2026-03-25 13:03:00 EDT,QQQ,RANGE_BUTTERFLY_ZONE,RANGE,588.48,Price is near estimated range center; suitable for neutral structures like butterfly/iron fly review.,"{""range_center"": 588.1994, ""range_width_pct"": 0.0045}"
2026-03-25T17:08:00+00:00,2026-03-25 13:08:00 EDT,SPY,RANGE_BUTTERFLY_ZONE,RANGE,657.25,Price is near estimated range center; suitable for neutral structures like butterfly/iron fly review.,"{""range_center"": 657.1767, ""range_width_pct"": 0.0033}"
2026-03-25T17:13:00+00:00,2026-03-25 13:13:00 EDT,QQQ,RANGE_BUTTERFLY_ZONE,RANGE,588.78,Price is near estimated range center; suitable for neutral structures like butterfly/iron fly review.,"{""range_center"": 588.2432, ""range_width_pct"": 0.0043}"
2026-03-25T17:18:00+00:00,2026-03-25 13:18:00 EDT,SPY,RANGE_BUTTERFLY_ZONE,RANGE,657.04,Price is near estimated range center; suitable for neutral structures like butterfly/iron fly review.,"{""range_center"": 657.259, ""range_width_pct"": 0.0033}"
2026-03-25T17:23:00+00:00,2026-03-25 13:23:00 EDT,QQQ,RANGE_BUTTERFLY_ZONE,RANGE,588.76,Price is near estimated range center; suitable for neutral structures like butterfly/iron fly review.,"{""range_center"": 588.3376, ""range_width_pct"": 0.003}"
2026-03-25T17:29:00+00:00,2026-03-25 13:29:00 EDT,SPY,RANGE_BUTTERFLY_ZONE,RANGE,658.02,Price is near estimated range center; suitable for neutral structures like butterfly/iron fly review.,"{""range_center"": 657.3632, ""range_width_pct"": 0.0021}"
2026-03-25T17:33:00+00:00,2026-03-25 13:33:00 EDT,QQQ,RANGE_BUTTERFLY_ZONE,RANGE,589.05,Price is near estimated range center; suitable for neutral structures like butterfly/iron fly review.,"{""range_center"": 588.5231, ""range_width_pct"": 0.0028}"
2026-03-25T17:43:00+00:00,2026-03-25 13:43:00 EDT,QQQ,TREND_LONG,TREND_UP,590.13,Trend-up pullback to fast EMA with positive momentum/volume confirmation.,"{""ema_fast"": 589.3928, ""stop_price"": 588.1191, ""target_price"": 593.1463, ""volume_ratio"": 1.529}"
2026-03-25T17:44:00+00:00,2026-03-25 13:44:00 EDT,QQQ,EXIT_LONG,NO_TRADE,589.97,Long exited because regime is no longer TREND_UP.,{}
2026-03-25T17:52:00+00:00,2026-03-25 13:52:00 EDT,SPY,RANGE_BUTTERFLY_ZONE,RANGE,657.78,Price is near estimated range center; suitable for neutral structures like butterfly/iron fly review.,"{""range_center"": 657.8378, ""range_width_pct"": 0.0038}"
2026-03-25T17:54:00+00:00,2026-03-25 13:54:00 EDT,QQQ,RANGE_BUTTERFLY_ZONE,RANGE,588.56,Price is near estimated range center; suitable for neutral structures like butterfly/iron fly review.,"{""range_center"": 588.9452, ""range_width_pct"": 0.0046}"
2026-03-25T18:02:00+00:00,2026-03-25 14:02:00 EDT,SPY,RANGE_BUTTERFLY_ZONE,RANGE,657.82,Price is near estimated range center; suitable for neutral structures like butterfly/iron fly review.,"{""range_center"": 657.8633, ""range_width_pct"": 0.0038}"
2026-03-25T18:04:00+00:00,2026-03-25 14:04:00 EDT,QQQ,RANGE_BUTTERFLY_ZONE,RANGE,588.88,Price is near estimated range center; suitable for neutral structures like butterfly/iron fly review.,"{""range_center"": 588.9504, ""range_width_pct"": 0.0046}"
2026-03-25T18:12:00+00:00,2026-03-25 14:12:00 EDT,SPY,RANGE_BUTTERFLY_ZONE,RANGE,657.95,Price is near estimated range center; suitable for neutral structures like butterfly/iron fly review.,"{""range_center"": 657.8506, ""range_width_pct"": 0.0037}"
2026-03-25T18:14:00+00:00,2026-03-25 14:14:00 EDT,QQQ,RANGE_BUTTERFLY_ZONE,RANGE,589.07,Price is near estimated range center; suitable for neutral structures like butterfly/iron fly review.,"{""range_center"": 588.9316, ""range_width_pct"": 0.0044}"
2026-03-25T18:22:00+00:00,2026-03-25 14:22:00 EDT,SPY,RANGE_BUTTERFLY_ZONE,RANGE,658.11,Price is near estimated range center; suitable for neutral structures like butterfly/iron fly review.,"{""range_center"": 657.9082, ""range_width_pct"": 0.0031}"
2026-03-25T18:24:00+00:00,2026-03-25 14:24:00 EDT,QQQ,RANGE_BUTTERFLY_ZONE,RANGE,589.34,Price is near estimated range center; suitable for neutral structures like butterfly/iron fly review.,"{""range_center"": 588.9901, ""range_width_pct"": 0.0036}"
2026-03-25T18:32:00+00:00,2026-03-25 14:32:00 EDT,SPY,RANGE_BUTTERFLY_ZONE,RANGE,657.68,Price is near estimated range center; suitable for neutral structures like butterfly/iron fly review.,"{""range_center"": 657.8932, ""range_width_pct"": 0.0031}"
2026-03-25T18:34:00+00:00,2026-03-25 14:34:00 EDT,QQQ,RANGE_BUTTERFLY_ZONE,RANGE,588.79,Price is near estimated range center; suitable for neutral structures like butterfly/iron fly review.,"{""range_center"": 588.993, ""range_width_pct"": 0.0036}"
2026-03-25T18:42:00+00:00,2026-03-25 14:42:00 EDT,SPY,RANGE_BUTTERFLY_ZONE,RANGE,657.14,Price is near estimated range center; suitable for neutral structures like butterfly/iron fly review.,"{""range_center"": 657.9076, ""range_width_pct"": 0.0026}"
2026-03-25T18:44:00+00:00,2026-03-25 14:44:00 EDT,QQQ,RANGE_BUTTERFLY_ZONE,RANGE,588.31,Price is near estimated range center; suitable for neutral structures like butterfly/iron fly review.,"{""range_center"": 589.0024, ""range_width_pct"": 0.0033}"
2026-03-25T18:52:00+00:00,2026-03-25 14:52:00 EDT,SPY,RANGE_BUTTERFLY_ZONE,RANGE,657.21,Price is near estimated range center; suitable for neutral structures like butterfly/iron fly review.,"{""range_center"": 657.885, ""range_width_pct"": 0.0028}"
2026-03-25T19:24:00+00:00,2026-03-25 15:24:00 EDT,SPY,RANGE_BUTTERFLY_ZONE,RANGE,656.98,Price is near estimated range center; suitable for neutral structures like butterfly/iron fly review.,"{""range_center"": 657.2384, ""range_width_pct"": 0.0035}"
2026-03-25T19:50:00+00:00,2026-03-25 15:50:00 EDT,SPY,RANGE_BUTTERFLY_ZONE,RANGE,656.81,Price is near estimated range center; suitable for neutral structures like butterfly/iron fly review.,"{""range_center"": 656.7732, ""range_width_pct"": 0.0027}"
2026-03-25T19:53:00+00:00,2026-03-25 15:53:00 EDT,QQQ,RANGE_BUTTERFLY_ZONE,RANGE,587.73,Price is near estimated range center; suitable for neutral structures like butterfly/iron fly review.,"{""range_center"": 587.6097, ""range_width_pct"": 0.0033}"
2026-03-26T14:44:00+00:00,2026-03-26 10:44:00 EDT,SPY,TREND_SHORT,TREND_DOWN,652.66,Trend-down pullback to fast EMA with negative momentum/volume confirmation.,"{""ema_fast"": 653.6191, ""stop_price"": 655.3739, ""target_price"": 648.5892, ""volume_ratio"": 1.369}"
2026-03-26T14:55:00+00:00,2026-03-26 10:55:00 EDT,SPY,EXIT_SHORT,NO_TRADE,651.62,Short exited because regime is no longer TREND_DOWN.,{}
2026-03-26T16:17:00+00:00,2026-03-26 12:17:00 EDT,QQQ,TREND_SHORT,TREND_DOWN,579.71,Trend-down pullback to fast EMA with negative momentum/volume confirmation.,"{""ema_fast"": 580.5775, ""stop_price"": 581.755, ""target_price"": 576.6425, ""volume_ratio"": 1.827}"
2026-03-26T16:17:00+00:00,2026-03-26 12:17:00 EDT,SPY,TREND_SHORT,TREND_DOWN,650.23,Trend-down pullback to fast EMA with negative momentum/volume confirmation.,"{""ema_fast"": 651.1013, ""stop_price"": 652.2114, ""target_price"": 647.258, ""volume_ratio"": 1.653}"
2026-03-26T16:18:00+00:00,2026-03-26 12:18:00 EDT,QQQ,EXIT_SHORT,NO_TRADE,580.36,Short exited because regime is no longer TREND_DOWN.,{}
2026-03-26T16:18:00+00:00,2026-03-26 12:18:00 EDT,SPY,EXIT_SHORT,NO_TRADE,650.8,Short exited because regime is no longer TREND_DOWN.,{}
2026-03-26T16:29:00+00:00,2026-03-26 12:29:00 EDT,QQQ,TREND_SHORT,TREND_DOWN,579.04,Trend-down pullback to fast EMA with negative momentum/volume confirmation.,"{""ema_fast"": 579.8471, ""stop_price"": 581.4248, ""target_price"": 575.4628, ""volume_ratio"": 1.323}"
2026-03-26T16:29:00+00:00,2026-03-26 12:29:00 EDT,SPY,TREND_SHORT,TREND_DOWN,649.47,Trend-down pullback to fast EMA with negative momentum/volume confirmation.,"{""ema_fast"": 650.3152, ""stop_price"": 651.9612, ""target_price"": 645.7333, ""volume_ratio"": 1.118}"
2026-03-26T16:34:00+00:00,2026-03-26 12:34:00 EDT,QQQ,EXIT_SHORT,NO_TRADE,578.9,Short exited because regime is no longer TREND_DOWN.,{}
2026-03-26T16:34:00+00:00,2026-03-26 12:34:00 EDT,SPY,EXIT_SHORT,NO_TRADE,649.39,Short exited because regime is no longer TREND_DOWN.,{}
2026-03-26T16:50:00+00:00,2026-03-26 12:50:00 EDT,QQQ,TREND_SHORT,TREND_DOWN,578.26,Trend-down pullback to fast EMA with negative momentum/volume confirmation.,"{""ema_fast"": 578.845, ""stop_price"": 579.6934, ""target_price"": 576.1099, ""volume_ratio"": 1.16}"
2026-03-26T16:54:00+00:00,2026-03-26 12:54:00 EDT,QQQ,EXIT_SHORT,NO_TRADE,578.76,Short exited because regime is no longer TREND_DOWN.,{}
2026-03-26T17:26:00+00:00,2026-03-26 13:26:00 EDT,QQQ,TREND_SHORT,TREND_DOWN,577.49,Trend-down pullback to fast EMA with negative momentum/volume confirmation.,"{""ema_fast"": 578.0616, ""stop_price"": 579.153, ""target_price"": 574.9956, ""volume_ratio"": 1.269}"
2026-03-26T17:29:00+00:00,2026-03-26 13:29:00 EDT,QQQ,EXIT_SHORT,NO_TRADE,577.81,Short exited because regime is no longer TREND_DOWN.,{}
2026-03-26T17:44:00+00:00,2026-03-26 13:44:00 EDT,QQQ,TREND_SHORT,TREND_DOWN,576.98,Trend-down pullback to fast EMA with negative momentum/volume confirmation.,"{""ema_fast"": 577.6149, ""stop_price"": 578.6926, ""target_price"": 574.4111, ""volume_ratio"": 1.276}"
2026-03-26T17:47:00+00:00,2026-03-26 13:47:00 EDT,SPY,TREND_SHORT,TREND_DOWN,647.89,Trend-down pullback to fast EMA with negative momentum/volume confirmation.,"{""ema_fast"": 648.3552, ""stop_price"": 649.5792, ""target_price"": 645.3561, ""volume_ratio"": 1.666}"
2026-03-26T17:51:00+00:00,2026-03-26 13:51:00 EDT,QQQ,EXIT_SHORT,NO_TRADE,576.17,Short exited because regime is no longer TREND_DOWN.,{}
2026-03-26T18:00:00+00:00,2026-03-26 14:00:00 EDT,SPY,EXIT_SHORT,NO_TRADE,647.04,Short exited because regime is no longer TREND_DOWN.,{}
2026-03-26T19:00:00+00:00,2026-03-26 15:00:00 EDT,SPY,RANGE_BUTTERFLY_ZONE,RANGE,647.31,Price is near estimated range center; suitable for neutral structures like butterfly/iron fly review.,"{""range_center"": 647.3403, ""range_width_pct"": 0.0018}"
2026-03-26T19:11:00+00:00,2026-03-26 15:11:00 EDT,QQQ,TREND_SHORT,TREND_DOWN,574.81,Trend-down pullback to fast EMA with negative momentum/volume confirmation.,"{""ema_fast"": 575.4404, ""stop_price"": 576.711, ""target_price"": 571.9585, ""volume_ratio"": 1.329}"
2026-03-26T19:11:00+00:00,2026-03-26 15:11:00 EDT,SPY,TREND_SHORT,TREND_DOWN,646.04,Trend-down pullback to fast EMA with negative momentum/volume confirmation.,"{""ema_fast"": 646.7331, ""stop_price"": 648.0981, ""target_price"": 642.9529, ""volume_ratio"": 1.15}"
2026-03-26T19:15:00+00:00,2026-03-26 15:15:00 EDT,QQQ,EXIT_SHORT,NO_TRADE,575.42,Short exited because regime is no longer TREND_DOWN.,{}
2026-03-26T19:15:00+00:00,2026-03-26 15:15:00 EDT,SPY,EXIT_SHORT,NO_TRADE,646.53,Short exited because regime is no longer TREND_DOWN.,{}
2026-03-26T19:26:00+00:00,2026-03-26 15:26:00 EDT,QQQ,TREND_SHORT,TREND_DOWN,574.75,Trend-down pullback to fast EMA with negative momentum/volume confirmation.,"{""ema_fast"": 575.1568, ""stop_price"": 575.9504, ""target_price"": 572.9494, ""volume_ratio"": 1.252}"
2026-03-26T19:26:00+00:00,2026-03-26 15:26:00 EDT,SPY,TREND_SHORT,TREND_DOWN,645.98,Trend-down pullback to fast EMA with negative momentum/volume confirmation.,"{""ema_fast"": 646.3756, ""stop_price"": 647.2274, ""target_price"": 644.0421, ""volume_ratio"": 1.175}"
2026-03-26T19:29:00+00:00,2026-03-26 15:29:00 EDT,QQQ,EXIT_SHORT,NO_TRADE,575.1,Short exited because regime is no longer TREND_DOWN.,{}
2026-03-26T19:35:00+00:00,2026-03-26 15:35:00 EDT,SPY,EXIT_SHORT,NO_TRADE,646.02,Short exited because regime is no longer TREND_DOWN.,{}
2026-03-26T19:44:00+00:00,2026-03-26 15:44:00 EDT,QQQ,TREND_SHORT,TREND_DOWN,574.38,Trend-down pullback to fast EMA with negative momentum/volume confirmation.,"{""ema_fast"": 574.7664, ""stop_price"": 575.6602, ""target_price"": 572.4598, ""volume_ratio"": 1.174}"
2026-03-26T19:46:00+00:00,2026-03-26 15:46:00 EDT,SPY,TREND_SHORT,TREND_DOWN,645.5,Trend-down pullback to fast EMA with negative momentum/volume confirmation.,"{""ema_fast"": 645.8173, ""stop_price"": 646.787, ""target_price"": 643.5635, ""volume_ratio"": 1.252}"
2026-03-26T19:49:00+00:00,2026-03-26 15:49:00 EDT,QQQ,EXIT_SHORT,NO_TRADE,574.47,Short exited because regime is no longer TREND_DOWN.,{}
2026-03-26T19:51:00+00:00,2026-03-26 15:51:00 EDT,SPY,EXIT_SHORT,NO_TRADE,645.47,Short exited because regime is no longer TREND_DOWN.,{}
