timestamp,symbol,action,state,price,center_price,layer_id,detail,kind,lower_strike,body_strike,upper_strike,width,lower_width,upper_width,wing_mode,dte,entry_cost,entry_debit,friction_cost,entry_friction_cost,entry_slippage_cost,entry_commission_cost,paper_spread_entry_penalty,paper_spread_close_penalty,paper_spread_penalty_round_trip,modeled_max_loss,contracts_per_layer,option_multiplier,drift_distance,primary_return_pct,close_value,gross_close_value,realized_pnl,gross_realized_pnl,close_friction_cost,close_slippage_cost,close_commission_cost,stress_profile,drift_count
2026-03-02T18:30:00+00:00,SPX,ENTER_PRIMARY,ACTIVE_CENTERED,6881.39,6875.0,1.0,Opened the primary butterfly corridor layer.,PRIMARY,6755.0,6875.0,6975.0,100.0,120.0,100.0,broken_lower,5.0,35.6058,34.7209,0.8849,0.8849,0.8589,0.026,0.0,0.0,0.0,55.6058,1.0,100.0,,,,,,,,,,,
2026-03-02T19:25:00+00:00,SPX,DRIFT_STARTED,DRIFTING,6896.8,6880.0,,Corridor drift started.,,,,,,,,,,,,,,,,,,,,,,16.8,,,,,,,,,,
2026-03-02T19:40:00+00:00,SPX,DRIFT_RESOLVED,ACTIVE_CENTERED,6895.52,6885.0,,Drift resolved without rebuilding.,,,,,,,,,,,,,,,,,,,,,,,,,,,,,,,,
2026-03-02T20:10:00+00:00,SPX,DRIFT_STARTED,DRIFTING,6868.33,6885.0,,Corridor drift started.,,,,,,,,,,,,,,,,,,,,,,16.67,,,,,,,,,,
2026-03-02T20:15:00+00:00,SPX,DRIFT_RESOLVED,ACTIVE_CENTERED,6875.62,6885.0,,Drift resolved without rebuilding.,,,,,,,,,,,,,,,,,,,,,,,,,,,,,,,,
2026-03-02T20:25:00+00:00,SPX,DRIFT_STARTED,DRIFTING,6868.81,6885.0,,Corridor drift started.,,,,,,,,,,,,,,,,,,,,,,16.19,,,,,,,,,,
2026-03-02T20:30:00+00:00,SPX,DRIFT_RESOLVED,ACTIVE_CENTERED,6875.61,6885.0,,Drift resolved without rebuilding.,,,,,,,,,,,,,,,,,,,,,,,,,,,,,,,,
2026-03-03T14:30:00+00:00,SPX,STOP_LOSS,ACTIVE_CENTERED,6759.52,6875.0,1.0,Primary stop-loss reached.,PRIMARY,6755.0,6875.0,6975.0,100.0,120.0,100.0,broken_lower,5.0,35.6058,34.7209,,0.8849,,,0.0,0.0,0.0,,1.0,100.0,,-0.6772,11.4927,13.3933,-24.113,-21.3277,0.8849,0.8589,0.026,none,
2026-03-04T15:00:00+00:00,SPX,ENTER_PRIMARY,ACTIVE_CENTERED,6830.05,6825.0,2.0,Opened the primary butterfly corridor layer.,PRIMARY,6705.0,6825.0,6925.0,100.0,120.0,100.0,broken_lower,5.0,35.6058,34.7209,0.8849,0.8849,0.8589,0.026,0.0,0.0,0.0,55.6058,1.0,100.0,,,,,,,,,,,
2026-03-04T15:05:00+00:00,SPX,DRIFT_STARTED,DRIFTING,6845.93,6825.0,,Corridor drift started.,,,,,,,,,,,,,,,,,,,,,,20.93,,,,,,,,,,
2026-03-04T15:20:00+00:00,SPX,STOP_LOSS,DRIFTING,6869.93,6825.0,2.0,Primary stop-loss reached.,PRIMARY,6705.0,6825.0,6925.0,100.0,120.0,100.0,broken_lower,5.0,35.6058,34.7209,,0.8849,,,0.0,0.0,0.0,,1.0,100.0,,-0.3039,24.785,25.6773,-10.8208,-9.0436,0.8849,0.8589,0.026,none,
2026-03-04T16:10:00+00:00,SPX,ENTER_PRIMARY,ACTIVE_CENTERED,6860.23,6840.0,3.0,Opened the primary butterfly corridor layer.,PRIMARY,6720.0,6840.0,6940.0,100.0,120.0,100.0,broken_lower,5.0,35.6058,34.7209,0.8849,0.8849,0.8589,0.026,0.0,0.0,0.0,55.6058,1.0,100.0,,,,,,,,,,,
2026-03-04T16:15:00+00:00,SPX,DRIFT_STARTED,DRIFTING,6860.19,6840.0,,Corridor drift started.,,,,,,,,,,,,,,,,,,,,,,20.19,,,,,,,,,,
2026-03-04T16:50:00+00:00,SPX,REBUILD_REQUESTED,REBUILD,6875.58,6850.0,,Requested corridor rebuild after sustained drift.,,,,,,,,,,,,,,,,,,,,,,25.58,,,,,,,,,,8.0
2026-03-04T16:55:00+00:00,SPX,REBUILT,REBUILD,6872.73,6840.0,3.0,Removed prior layers for rebuild.,PRIMARY,6720.0,6840.0,6940.0,100.0,120.0,100.0,broken_lower,5.0,35.6058,34.7209,,0.8849,,,0.0,0.0,0.0,,1.0,100.0,,,27.7407,28.6417,-7.865,-6.0792,0.8849,0.8589,0.026,none,
2026-03-04T16:55:00+00:00,SPX,REBUILT,ACTIVE_CENTERED,6872.73,6850.0,4.0,Established a fresh primary butterfly corridor layer.,PRIMARY,6730.0,6850.0,6950.0,100.0,120.0,100.0,broken_lower,5.0,35.6058,34.7209,0.8849,0.8849,0.8589,0.026,0.0,0.0,0.0,55.6058,1.0,100.0,,,,,,,,,,,
2026-03-04T17:00:00+00:00,SPX,DRIFT_STARTED,DRIFTING,6877.66,6850.0,,Corridor drift started.,,,,,,,,,,,,,,,,,,,,,,27.66,,,,,,,,,,
2026-03-04T17:20:00+00:00,SPX,DRIFT_RESOLVED,ACTIVE_CENTERED,6871.93,6860.0,,Drift resolved without rebuilding.,,,,,,,,,,,,,,,,,,,,,,,,,,,,,,,,
2026-03-05T14:30:00+00:00,SPX,TAKE_PROFIT,ACTIVE_CENTERED,6856.62,6850.0,4.0,Primary take-profit reached.,PRIMARY,6730.0,6850.0,6950.0,100.0,120.0,100.0,broken_lower,5.0,35.6058,34.7209,,0.8849,,,0.0,0.0,0.0,,1.0,100.0,,0.3052,46.4715,48.4467,10.8657,13.7258,0.8849,0.8589,0.026,none,
2026-03-05T15:00:00+00:00,SPX,ENTER_PRIMARY,ACTIVE_CENTERED,6858.32,6875.0,5.0,Opened the primary butterfly corridor layer.,PRIMARY,6755.0,6875.0,6975.0,100.0,120.0,100.0,broken_lower,5.0,35.6058,34.7209,0.8849,0.8849,0.8589,0.026,0.0,0.0,0.0,55.6058,1.0,100.0,,,,,,,,,,,
2026-03-05T15:05:00+00:00,SPX,DRIFT_STARTED,DRIFTING,6850.7,6875.0,,Corridor drift started.,,,,,,,,,,,,,,,,,,,,,,24.3,,,,,,,,,,
2026-03-05T15:20:00+00:00,SPX,STOP_LOSS,DRIFTING,6826.11,6875.0,5.0,Primary stop-loss reached.,PRIMARY,6755.0,6875.0,6975.0,100.0,120.0,100.0,broken_lower,5.0,35.6058,34.7209,,0.8849,,,0.0,0.0,0.0,,1.0,100.0,,-0.2779,25.7097,26.602,-9.896,-8.1189,0.8849,0.8589,0.026,none,
2026-03-05T16:00:00+00:00,SPX,ENTER_PRIMARY,ACTIVE_CENTERED,6823.58,6860.0,6.0,Opened the primary butterfly corridor layer.,PRIMARY,6740.0,6860.0,6960.0,100.0,120.0,100.0,broken_lower,5.0,35.6058,34.7209,0.8849,0.8849,0.8589,0.026,0.0,0.0,0.0,55.6058,1.0,100.0,,,,,,,,,,,
2026-03-05T16:05:00+00:00,SPX,STOP_LOSS,ACTIVE_CENTERED,6815.93,6860.0,6.0,Primary stop-loss reached.,PRIMARY,6740.0,6860.0,6960.0,100.0,120.0,100.0,broken_lower,5.0,35.6058,34.7209,,0.8849,,,0.0,0.0,0.0,,1.0,100.0,,-0.255,26.5249,27.4117,-9.0809,-7.3092,0.8849,0.8589,0.026,none,
2026-03-05T17:10:00+00:00,SPX,ENTER_PRIMARY,ACTIVE_CENTERED,6819.74,6835.0,7.0,Opened the primary butterfly corridor layer.,PRIMARY,6715.0,6835.0,6935.0,100.0,120.0,100.0,broken_lower,5.0,35.6058,34.7209,0.8849,0.8849,0.8589,0.026,0.0,0.0,0.0,55.6058,1.0,100.0,,,,,,,,,,,
2026-03-05T17:15:00+00:00,SPX,DRIFT_STARTED,DRIFTING,6807.14,6835.0,,Corridor drift started.,,,,,,,,,,,,,,,,,,,,,,27.86,,,,,,,,,,
2026-03-05T17:30:00+00:00,SPX,STOP_LOSS,DRIFTING,6786.66,6835.0,7.0,Primary stop-loss reached.,PRIMARY,6715.0,6835.0,6935.0,100.0,120.0,100.0,broken_lower,5.0,35.6058,34.7209,,0.8849,,,0.0,0.0,0.0,,1.0,100.0,,-0.275,25.8137,26.706,-9.7921,-8.0149,0.8849,0.8589,0.026,none,
2026-03-05T19:20:00+00:00,SPX,ENTER_PRIMARY,ACTIVE_CENTERED,6785.95,6795.0,8.0,Opened the primary butterfly corridor layer.,PRIMARY,6675.0,6795.0,6895.0,100.0,120.0,100.0,broken_lower,5.0,35.6058,34.7209,0.8849,0.8849,0.8589,0.026,0.0,0.0,0.0,55.6058,1.0,100.0,,,,,,,,,,,
2026-03-05T19:30:00+00:00,SPX,DRIFT_STARTED,DRIFTING,6774.41,6795.0,,Corridor drift started.,,,,,,,,,,,,,,,,,,,,,,20.59,,,,,,,,,,
2026-03-05T19:40:00+00:00,SPX,DRIFT_RESOLVED,ACTIVE_CENTERED,6783.57,6790.0,,Drift resolved without rebuilding.,,,,,,,,,,,,,,,,,,,,,,,,,,,,,,,,
2026-03-05T20:10:00+00:00,SPX,DRIFT_STARTED,DRIFTING,6802.02,6785.0,,Corridor drift started.,,,,,,,,,,,,,,,,,,,,,,17.02,,,,,,,,,,
2026-03-06T14:35:00+00:00,SPX,STOP_LOSS,ACTIVE_CENTERED,6724.35,6795.0,8.0,Primary stop-loss reached.,PRIMARY,6675.0,6795.0,6895.0,100.0,120.0,100.0,broken_lower,5.0,35.6058,34.7209,,0.8849,,,0.0,0.0,0.0,,1.0,100.0,,-0.2856,25.4377,27.2631,-10.168,-7.4578,0.8849,0.8589,0.026,none,
2026-03-06T18:45:00+00:00,SPX,ENTER_PRIMARY,ACTIVE_CENTERED,6760.44,6755.0,9.0,Opened the primary butterfly corridor layer.,PRIMARY,6635.0,6755.0,6855.0,100.0,120.0,100.0,broken_lower,5.0,35.6058,34.7209,0.8849,0.8849,0.8589,0.026,0.0,0.0,0.0,55.6058,1.0,100.0,,,,,,,,,,,
2026-03-06T20:00:00+00:00,SPX,DRIFT_STARTED,DRIFTING,6770.09,6755.0,,Corridor drift started.,,,,,,,,,,,,,,,,,,,,,,15.09,,,,,,,,,,
2026-03-06T20:05:00+00:00,SPX,DRIFT_RESOLVED,ACTIVE_CENTERED,6762.76,6760.0,,Drift resolved without rebuilding.,,,,,,,,,,,,,,,,,,,,,,,,,,,,,,,,
2026-03-06T20:25:00+00:00,SPX,DRIFT_STARTED,DRIFTING,6734.51,6755.0,,Corridor drift started.,,,,,,,,,,,,,,,,,,,,,,20.49,,,,,,,,,,
2026-03-09T13:35:00+00:00,SPX,STOP_LOSS,ACTIVE_CENTERED,6658.95,6755.0,9.0,Primary stop-loss reached.,PRIMARY,6635.0,6755.0,6855.0,100.0,120.0,100.0,broken_lower,5.0,35.6058,34.7209,,0.8849,,,0.0,0.0,0.0,,1.0,100.0,,-0.4396,19.9523,21.3402,-15.6535,-13.3807,0.8849,0.8589,0.026,none,
2026-03-09T19:00:00+00:00,SPX,ENTER_PRIMARY,ACTIVE_CENTERED,6715.21,6715.0,10.0,Opened the primary butterfly corridor layer.,PRIMARY,6595.0,6715.0,6815.0,100.0,120.0,100.0,broken_lower,5.0,35.6058,34.7209,0.8849,0.8849,0.8589,0.026,0.0,0.0,0.0,55.6058,1.0,100.0,,,,,,,,,,,
2026-03-09T19:15:00+00:00,SPX,DRIFT_STARTED,DRIFTING,6745.51,6715.0,,Corridor drift started.,,,,,,,,,,,,,,,,,,,,,,30.51,,,,,,,,,,
2026-03-09T19:20:00+00:00,SPX,STOP_LOSS,DRIFTING,6764.21,6715.0,10.0,Primary stop-loss reached.,PRIMARY,6595.0,6715.0,6815.0,100.0,120.0,100.0,broken_lower,5.0,35.6058,34.7209,,0.8849,,,0.0,0.0,0.0,,1.0,100.0,,-0.3311,23.8169,24.7092,-11.7889,-10.0117,0.8849,0.8589,0.026,none,
2026-03-10T16:55:00+00:00,SPX,ENTER_PRIMARY,ACTIVE_CENTERED,6826.21,6815.0,11.0,Opened the primary butterfly corridor layer.,PRIMARY,6695.0,6815.0,6915.0,100.0,120.0,100.0,broken_lower,5.0,35.6058,34.7209,0.8849,0.8849,0.8589,0.026,0.0,0.0,0.0,55.6058,1.0,100.0,,,,,,,,,,,
2026-03-10T17:00:00+00:00,SPX,DRIFT_STARTED,DRIFTING,6830.5,6815.0,,Corridor drift started.,,,,,,,,,,,,,,,,,,,,,,15.5,,,,,,,,,,
2026-03-10T17:10:00+00:00,SPX,DRIFT_RESOLVED,ACTIVE_CENTERED,6829.63,6820.0,,Drift resolved without rebuilding.,,,,,,,,,,,,,,,,,,,,,,,,,,,,,,,,
2026-03-10T17:15:00+00:00,SPX,DRIFT_STARTED,DRIFTING,6838.36,6820.0,,Corridor drift started.,,,,,,,,,,,,,,,,,,,,,,18.36,,,,,,,,,,
2026-03-10T17:30:00+00:00,SPX,DRIFT_RESOLVED,ACTIVE_CENTERED,6832.55,6825.0,,Drift resolved without rebuilding.,,,,,,,,,,,,,,,,,,,,,,,,,,,,,,,,
2026-03-10T18:10:00+00:00,SPX,DRIFT_STARTED,DRIFTING,6799.37,6825.0,,Corridor drift started.,,,,,,,,,,,,,,,,,,,,,,25.63,,,,,,,,,,
2026-03-10T18:45:00+00:00,SPX,REBUILD_REQUESTED,REBUILD,6801.8,6820.0,,Requested corridor rebuild after sustained drift.,,,,,,,,,,,,,,,,,,,,,,18.2,,,,,,,,,,8.0
2026-03-10T18:50:00+00:00,SPX,REBUILT,REBUILD,6800.7,6815.0,11.0,Removed prior layers for rebuild.,PRIMARY,6695.0,6815.0,6915.0,100.0,120.0,100.0,broken_lower,5.0,35.6058,34.7209,,0.8849,,,0.0,0.0,0.0,,1.0,100.0,,,33.1757,34.0982,-2.4301,-0.6227,0.8849,0.8589,0.026,none,
2026-03-10T18:50:00+00:00,SPX,REBUILT,ACTIVE_CENTERED,6800.7,6820.0,12.0,Established a fresh primary butterfly corridor layer.,PRIMARY,6700.0,6820.0,6920.0,100.0,120.0,100.0,broken_lower,5.0,35.6058,34.7209,0.8849,0.8849,0.8589,0.026,0.0,0.0,0.0,55.6058,1.0,100.0,,,,,,,,,,,
2026-03-10T18:55:00+00:00,SPX,DRIFT_STARTED,DRIFTING,6796.93,6820.0,,Corridor drift started.,,,,,,,,,,,,,,,,,,,,,,23.07,,,,,,,,,,
2026-03-11T13:45:00+00:00,SPX,DRIFT_STARTED,DRIFTING,6778.78,6805.0,,Corridor drift started.,,,,,,,,,,,,,,,,,,,,,,26.22,,,,,,,,,,
2026-03-11T13:55:00+00:00,SPX,DRIFT_RESOLVED,ACTIVE_CENTERED,6790.55,6800.0,,Drift resolved without rebuilding.,,,,,,,,,,,,,,,,,,,,,,,,,,,,,,,,
2026-03-11T14:20:00+00:00,SPX,DRIFT_STARTED,DRIFTING,6773.61,6795.0,,Corridor drift started.,,,,,,,,,,,,,,,,,,,,,,21.39,,,,,,,,,,
2026-03-11T14:35:00+00:00,SPX,DRIFT_RESOLVED,ACTIVE_CENTERED,6778.53,6790.0,,Drift resolved without rebuilding.,,,,,,,,,,,,,,,,,,,,,,,,,,,,,,,,
2026-03-11T15:10:00+00:00,SPX,DRIFT_STARTED,DRIFTING,6769.74,6790.0,,Corridor drift started.,,,,,,,,,,,,,,,,,,,,,,20.26,,,,,,,,,,
2026-03-11T15:20:00+00:00,SPX,DRIFT_RESOLVED,ACTIVE_CENTERED,6773.77,6785.0,,Drift resolved without rebuilding.,,,,,,,,,,,,,,,,,,,,,,,,,,,,,,,,
2026-03-11T15:25:00+00:00,SPX,DRIFT_STARTED,DRIFTING,6758.3,6785.0,,Corridor drift started.,,,,,,,,,,,,,,,,,,,,,,26.7,,,,,,,,,,
2026-03-11T15:45:00+00:00,SPX,STOP_LOSS,DRIFTING,6751.79,6820.0,12.0,Primary stop-loss reached.,PRIMARY,6700.0,6820.0,6920.0,100.0,120.0,100.0,broken_lower,5.0,35.6058,34.7209,,0.8849,,,0.0,0.0,0.0,,1.0,100.0,,-0.2548,26.5338,28.5005,-9.072,-6.2204,0.8849,0.8589,0.026,none,
2026-03-11T15:50:00+00:00,SPX,ENTER_PRIMARY,ACTIVE_CENTERED,6760.42,6780.0,13.0,Opened the primary butterfly corridor layer.,PRIMARY,6660.0,6780.0,6880.0,100.0,120.0,100.0,broken_lower,5.0,35.6058,34.7209,0.8849,0.8849,0.8589,0.026,0.0,0.0,0.0,55.6058,1.0,100.0,,,,,,,,,,,
2026-03-11T15:55:00+00:00,SPX,DRIFT_STARTED,DRIFTING,6753.5,6780.0,,Corridor drift started.,,,,,,,,,,,,,,,,,,,,,,26.5,,,,,,,,,,
2026-03-11T16:30:00+00:00,SPX,DRIFT_RESOLVED,ACTIVE_CENTERED,6769.8,6775.0,,Drift resolved without rebuilding.,,,,,,,,,,,,,,,,,,,,,,,,,,,,,,,,
2026-03-12T13:45:00+00:00,SPX,DRIFT_STARTED,DRIFTING,6711.62,6760.0,,Corridor drift started.,,,,,,,,,,,,,,,,,,,,,,48.38,,,,,,,,,,
2026-03-12T13:50:00+00:00,SPX,STOP_LOSS,DRIFTING,6702.01,6780.0,13.0,Primary stop-loss reached.,PRIMARY,6660.0,6780.0,6880.0,100.0,120.0,100.0,broken_lower,5.0,35.6058,34.7209,,0.8849,,,0.0,0.0,0.0,,1.0,100.0,,-0.3376,23.5837,25.5641,-12.022,-9.1568,0.8849,0.8589,0.026,none,
2026-03-12T17:30:00+00:00,SPX,ENTER_PRIMARY,ACTIVE_CENTERED,6698.94,6700.0,14.0,Opened the primary butterfly corridor layer.,PRIMARY,6580.0,6700.0,6800.0,100.0,120.0,100.0,broken_lower,5.0,35.6058,34.7209,0.8849,0.8849,0.8589,0.026,0.0,0.0,0.0,55.6058,1.0,100.0,,,,,,,,,,,
2026-03-13T13:30:00+00:00,SPX,TAKE_PROFIT,ACTIVE_CENTERED,6707.44,6700.0,14.0,Primary take-profit reached.,PRIMARY,6580.0,6700.0,6800.0,100.0,120.0,100.0,broken_lower,5.0,35.6058,34.7209,,0.8849,,,0.0,0.0,0.0,,1.0,100.0,,0.2699,45.2142,47.1147,9.6084,12.3938,0.8849,0.8589,0.026,none,
2026-03-13T14:00:00+00:00,SPX,ENTER_PRIMARY,ACTIVE_CENTERED,6711.18,6695.0,15.0,Opened the primary butterfly corridor layer.,PRIMARY,6575.0,6695.0,6795.0,100.0,120.0,100.0,broken_lower,5.0,35.6058,34.7209,0.8849,0.8849,0.8589,0.026,0.0,0.0,0.0,55.6058,1.0,100.0,,,,,,,,,,,
2026-03-13T14:45:00+00:00,SPX,DRIFT_STARTED,DRIFTING,6679.63,6695.0,,Corridor drift started.,,,,,,,,,,,,,,,,,,,,,,15.37,,,,,,,,,,
2026-03-13T15:10:00+00:00,SPX,DRIFT_RESOLVED,ACTIVE_CENTERED,6677.82,6690.0,,Drift resolved without rebuilding.,,,,,,,,,,,,,,,,,,,,,,,,,,,,,,,,
2026-03-13T15:15:00+00:00,SPX,DRIFT_STARTED,DRIFTING,6668.54,6690.0,,Corridor drift started.,,,,,,,,,,,,,,,,,,,,,,21.46,,,,,,,,,,
2026-03-13T15:40:00+00:00,SPX,STOP_LOSS,DRIFTING,6646.35,6695.0,15.0,Primary stop-loss reached.,PRIMARY,6575.0,6695.0,6795.0,100.0,120.0,100.0,broken_lower,5.0,35.6058,34.7209,,0.8849,,,0.0,0.0,0.0,,1.0,100.0,,-0.2634,26.2273,27.1455,-9.3784,-7.5754,0.8849,0.8589,0.026,none,
2026-03-13T18:55:00+00:00,SPX,ENTER_PRIMARY,ACTIVE_CENTERED,6652.13,6650.0,16.0,Opened the primary butterfly corridor layer.,PRIMARY,6530.0,6650.0,6750.0,100.0,120.0,100.0,broken_lower,5.0,35.6058,34.7209,0.8849,0.8849,0.8589,0.026,0.0,0.0,0.0,55.6058,1.0,100.0,,,,,,,,,,,
2026-03-16T13:30:00+00:00,SPX,TAKE_PROFIT,ACTIVE_CENTERED,6694.86,6650.0,16.0,Primary take-profit reached.,PRIMARY,6530.0,6650.0,6750.0,100.0,120.0,100.0,broken_lower,5.0,35.6058,34.7209,,0.8849,,,0.0,0.0,0.0,,1.0,100.0,,0.4541,51.7758,53.1646,16.17,18.4436,0.8849,0.8589,0.026,none,
2026-03-16T17:25:00+00:00,SPX,ENTER_PRIMARY,ACTIVE_CENTERED,6701.7,6700.0,17.0,Opened the primary butterfly corridor layer.,PRIMARY,6580.0,6700.0,6800.0,100.0,120.0,100.0,broken_lower,5.0,35.6058,34.7209,0.8849,0.8849,0.8589,0.026,0.0,0.0,0.0,55.6058,1.0,100.0,,,,,,,,,,,
2026-03-16T19:05:00+00:00,SPX,DRIFT_STARTED,DRIFTING,6722.81,6700.0,,Corridor drift started.,,,,,,,,,,,,,,,,,,,,,,22.81,,,,,,,,,,
2026-03-16T19:10:00+00:00,SPX,DRIFT_RESOLVED,ACTIVE_CENTERED,6708.24,6700.0,,Drift resolved without rebuilding.,,,,,,,,,,,,,,,,,,,,,,,,,,,,,,,,
2026-03-17T13:45:00+00:00,SPX,DRIFT_STARTED,DRIFTING,6752.91,6710.0,,Corridor drift started.,,,,,,,,,,,,,,,,,,,,,,42.91,,,,,,,,,,
2026-03-17T13:50:00+00:00,SPX,ABORTED,DRIFTING,6750.57,6700.0,17.0,Regime turned TREND_UP.,PRIMARY,6580.0,6700.0,6800.0,100.0,120.0,100.0,broken_lower,5.0,35.6058,34.7209,,0.8849,,,0.0,0.0,0.0,,1.0,100.0,,,30.5278,32.4728,-5.078,-2.2481,0.8849,0.8589,0.026,none,
2026-03-17T14:30:00+00:00,SPX,ENTER_PRIMARY,ACTIVE_CENTERED,6738.84,6720.0,18.0,Opened the primary butterfly corridor layer.,PRIMARY,6600.0,6720.0,6820.0,100.0,120.0,100.0,broken_lower,5.0,35.6058,34.7209,0.8849,0.8849,0.8589,0.026,0.0,0.0,0.0,55.6058,1.0,100.0,,,,,,,,,,,
2026-03-17T14:40:00+00:00,SPX,DRIFT_STARTED,DRIFTING,6742.47,6720.0,,Corridor drift started.,,,,,,,,,,,,,,,,,,,,,,22.47,,,,,,,,,,
2026-03-17T14:55:00+00:00,SPX,DRIFT_RESOLVED,ACTIVE_CENTERED,6739.75,6725.0,,Drift resolved without rebuilding.,,,,,,,,,,,,,,,,,,,,,,,,,,,,,,,,
2026-03-18T13:35:00+00:00,SPX,TAKE_PROFIT,ACTIVE_CENTERED,6700.03,6720.0,18.0,Primary take-profit reached.,PRIMARY,6600.0,6720.0,6820.0,100.0,120.0,100.0,broken_lower,5.0,35.6058,34.7209,,0.8849,,,0.0,0.0,0.0,,1.0,100.0,,0.2124,43.1675,45.1606,7.5617,10.4397,0.8849,0.8589,0.026,none,
2026-03-18T13:55:00+00:00,SPX,ENTER_PRIMARY,ACTIVE_CENTERED,6701.75,6720.0,19.0,Opened the primary butterfly corridor layer.,PRIMARY,6600.0,6720.0,6820.0,100.0,120.0,100.0,broken_lower,5.0,35.6058,34.7209,0.8849,0.8849,0.8589,0.026,0.0,0.0,0.0,55.6058,1.0,100.0,,,,,,,,,,,
2026-03-18T14:00:00+00:00,SPX,DRIFT_STARTED,DRIFTING,6694.28,6720.0,,Corridor drift started.,,,,,,,,,,,,,,,,,,,,,,25.72,,,,,,,,,,
2026-03-18T14:25:00+00:00,SPX,STOP_LOSS,DRIFTING,6669.25,6720.0,19.0,Primary stop-loss reached.,PRIMARY,6600.0,6720.0,6820.0,100.0,120.0,100.0,broken_lower,5.0,35.6058,34.7209,,0.8849,,,0.0,0.0,0.0,,1.0,100.0,,-0.2862,25.4146,26.3105,-10.1912,-8.4104,0.8849,0.8589,0.026,none,
2026-03-18T15:15:00+00:00,SPX,ENTER_PRIMARY,ACTIVE_CENTERED,6678.32,6700.0,20.0,Opened the primary butterfly corridor layer.,PRIMARY,6580.0,6700.0,6800.0,100.0,120.0,100.0,broken_lower,5.0,35.6058,34.7209,0.8849,0.8849,0.8589,0.026,0.0,0.0,0.0,55.6058,1.0,100.0,,,,,,,,,,,
2026-03-18T15:25:00+00:00,SPX,DRIFT_STARTED,DRIFTING,6678.81,6695.0,,Corridor drift started.,,,,,,,,,,,,,,,,,,,,,,16.19,,,,,,,,,,
2026-03-18T15:30:00+00:00,SPX,DRIFT_RESOLVED,ACTIVE_CENTERED,6683.03,6695.0,,Drift resolved without rebuilding.,,,,,,,,,,,,,,,,,,,,,,,,,,,,,,,,
2026-03-18T18:30:00+00:00,SPX,DRIFT_STARTED,DRIFTING,6656.3,6675.0,,Corridor drift started.,,,,,,,,,,,,,,,,,,,,,,18.7,,,,,,,,,,
2026-03-18T18:45:00+00:00,SPX,DRIFT_RESOLVED,ACTIVE_CENTERED,6655.85,6670.0,,Drift resolved without rebuilding.,,,,,,,,,,,,,,,,,,,,,,,,,,,,,,,,
2026-03-18T18:50:00+00:00,SPX,STOP_LOSS,ACTIVE_CENTERED,6644.95,6700.0,20.0,Primary stop-loss reached.,PRIMARY,6580.0,6700.0,6800.0,100.0,120.0,100.0,broken_lower,5.0,35.6058,34.7209,,0.8849,,,0.0,0.0,0.0,,1.0,100.0,,-0.2822,25.5585,26.5112,-10.0473,-8.2098,0.8849,0.8589,0.026,none,
2026-03-18T19:00:00+00:00,SPX,ENTER_PRIMARY,ACTIVE_CENTERED,6652.78,6670.0,21.0,Opened the primary butterfly corridor layer.,PRIMARY,6550.0,6670.0,6770.0,100.0,120.0,100.0,broken_lower,5.0,35.6058,34.7209,0.8849,0.8849,0.8589,0.026,0.0,0.0,0.0,55.6058,1.0,100.0,,,,,,,,,,,
2026-03-18T19:05:00+00:00,SPX,DRIFT_STARTED,DRIFTING,6653.41,6670.0,,Corridor drift started.,,,,,,,,,,,,,,,,,,,,,,16.59,,,,,,,,,,
2026-03-18T19:55:00+00:00,SPX,STOP_LOSS,ACTIVE_CENTERED,6624.38,6670.0,21.0,Primary stop-loss reached.,PRIMARY,6550.0,6670.0,6770.0,100.0,120.0,100.0,broken_lower,5.0,35.6058,34.7209,,0.8849,,,0.0,0.0,0.0,,1.0,100.0,,-0.2545,26.5455,27.4498,-9.0602,-7.2711,0.8849,0.8589,0.026,none,
2026-03-19T17:15:00+00:00,SPX,ENTER_PRIMARY,ACTIVE_CENTERED,6576.87,6585.0,22.0,Opened the primary butterfly corridor layer.,PRIMARY,6465.0,6585.0,6685.0,100.0,120.0,100.0,broken_lower,5.0,35.6058,34.7209,0.8849,0.8849,0.8589,0.026,0.0,0.0,0.0,55.6058,1.0,100.0,,,,,,,,,,,
2026-03-19T19:00:00+00:00,SPX,DRIFT_STARTED,DRIFTING,6611.94,6580.0,,Corridor drift started.,,,,,,,,,,,,,,,,,,,,,,31.94,,,,,,,,,,
2026-03-19T19:05:00+00:00,SPX,STOP_LOSS,DRIFTING,6626.81,6585.0,22.0,Primary stop-loss reached.,PRIMARY,6465.0,6585.0,6685.0,100.0,120.0,100.0,broken_lower,5.0,35.6058,34.7209,,0.8849,,,0.0,0.0,0.0,,1.0,100.0,,-0.2667,26.1114,27.0324,-9.4944,-7.6885,0.8849,0.8589,0.026,none,
2026-03-20T16:50:00+00:00,SPX,ENTER_PRIMARY,ACTIVE_CENTERED,6551.61,6555.0,23.0,Opened the primary butterfly corridor layer.,PRIMARY,6435.0,6555.0,6655.0,100.0,120.0,100.0,broken_lower,5.0,35.6058,34.7209,0.8849,0.8849,0.8589,0.026,0.0,0.0,0.0,55.6058,1.0,100.0,,,,,,,,,,,
2026-03-20T17:45:00+00:00,SPX,DRIFT_STARTED,DRIFTING,6534.09,6550.0,,Corridor drift started.,,,,,,,,,,,,,,,,,,,,,,15.91,,,,,,,,,,
2026-03-20T17:50:00+00:00,SPX,DRIFT_RESOLVED,ACTIVE_CENTERED,6539.22,6550.0,,Drift resolved without rebuilding.,,,,,,,,,,,,,,,,,,,,,,,,,,,,,,,,
2026-03-20T18:00:00+00:00,SPX,DRIFT_STARTED,DRIFTING,6534.32,6550.0,,Corridor drift started.,,,,,,,,,,,,,,,,,,,,,,15.68,,,,,,,,,,
2026-03-20T18:35:00+00:00,SPX,REBUILD_REQUESTED,REBUILD,6509.33,6545.0,,Requested corridor rebuild after sustained drift.,,,,,,,,,,,,,,,,,,,,,,35.67,,,,,,,,,,8.0
2026-03-20T18:40:00+00:00,SPX,STOP_LOSS,REBUILD,6507.28,6555.0,23.0,Primary stop-loss reached.,PRIMARY,6435.0,6555.0,6655.0,100.0,120.0,100.0,broken_lower,5.0,35.6058,34.7209,,0.8849,,,0.0,0.0,0.0,,1.0,100.0,,-0.2565,26.4719,27.3929,-9.1339,-7.328,0.8849,0.8589,0.026,none,
2026-03-24T17:25:00+00:00,SPX,ENTER_PRIMARY,ACTIVE_CENTERED,6559.64,6575.0,24.0,Opened the primary butterfly corridor layer.,PRIMARY,6455.0,6575.0,6675.0,100.0,120.0,100.0,broken_lower,5.0,35.6058,34.7209,0.8849,0.8849,0.8589,0.026,0.0,0.0,0.0,55.6058,1.0,100.0,,,,,,,,,,,
2026-03-24T17:30:00+00:00,SPX,DRIFT_STARTED,DRIFTING,6555.19,6575.0,,Corridor drift started.,,,,,,,,,,,,,,,,,,,,,,19.81,,,,,,,,,,
2026-03-24T17:55:00+00:00,SPX,DRIFT_RESOLVED,ACTIVE_CENTERED,6567.19,6575.0,,Drift resolved without rebuilding.,,,,,,,,,,,,,,,,,,,,,,,,,,,,,,,,
2026-03-24T18:35:00+00:00,SPX,DRIFT_STARTED,DRIFTING,6590.67,6570.0,,Corridor drift started.,,,,,,,,,,,,,,,,,,,,,,20.67,,,,,,,,,,
2026-03-24T18:40:00+00:00,SPX,DRIFT_RESOLVED,ACTIVE_CENTERED,6579.16,6570.0,,Drift resolved without rebuilding.,,,,,,,,,,,,,,,,,,,,,,,,,,,,,,,,
2026-03-25T13:45:00+00:00,SPX,DRIFT_STARTED,DRIFTING,6604.1,6575.0,,Corridor drift started.,,,,,,,,,,,,,,,,,,,,,,29.1,,,,,,,,,,
2026-03-25T14:20:00+00:00,SPX,REBUILD_REQUESTED,REBUILD,6598.64,6580.0,,Requested corridor rebuild after sustained drift.,,,,,,,,,,,,,,,,,,,,,,18.64,,,,,,,,,,8.0
2026-03-25T14:25:00+00:00,SPX,REBUILT,REBUILD,6606.87,6575.0,24.0,Removed prior layers for rebuild.,PRIMARY,6455.0,6575.0,6675.0,100.0,120.0,100.0,broken_lower,5.0,35.6058,34.7209,,0.8849,,,0.0,0.0,0.0,,1.0,100.0,,,37.2693,39.2371,1.6635,4.5162,0.8849,0.8589,0.026,none,
2026-03-25T14:25:00+00:00,SPX,REBUILT,ACTIVE_CENTERED,6606.87,6580.0,25.0,Established a fresh primary butterfly corridor layer.,PRIMARY,6460.0,6580.0,6680.0,100.0,120.0,100.0,broken_lower,5.0,35.6058,34.7209,0.8849,0.8849,0.8589,0.026,0.0,0.0,0.0,55.6058,1.0,100.0,,,,,,,,,,,
2026-03-25T14:30:00+00:00,SPX,DRIFT_STARTED,DRIFTING,6612.61,6585.0,,Corridor drift started.,,,,,,,,,,,,,,,,,,,,,,27.61,,,,,,,,,,
2026-03-25T15:05:00+00:00,SPX,DRIFT_RESOLVED,ACTIVE_CENTERED,6598.02,6590.0,,Drift resolved without rebuilding.,,,,,,,,,,,,,,,,,,,,,,,,,,,,,,,,
2026-03-26T13:45:00+00:00,SPX,TAKE_PROFIT,ACTIVE_CENTERED,6559.75,6580.0,25.0,Primary take-profit reached.,PRIMARY,6460.0,6580.0,6680.0,100.0,120.0,100.0,broken_lower,5.0,35.6058,34.7209,,0.8849,,,0.0,0.0,0.0,,1.0,100.0,,0.2136,43.2126,45.2085,7.6068,10.4876,0.8849,0.8589,0.026,none,
2026-03-26T15:25:00+00:00,SPX,ENTER_PRIMARY,ACTIVE_CENTERED,6542.89,6565.0,26.0,Opened the primary butterfly corridor layer.,PRIMARY,6445.0,6565.0,6665.0,100.0,120.0,100.0,broken_lower,5.0,35.6058,34.7209,0.8849,0.8849,0.8589,0.026,0.0,0.0,0.0,55.6058,1.0,100.0,,,,,,,,,,,
2026-03-26T15:30:00+00:00,SPX,DRIFT_STARTED,DRIFTING,6537.74,6565.0,,Corridor drift started.,,,,,,,,,,,,,,,,,,,,,,27.26,,,,,,,,,,
2026-03-26T16:15:00+00:00,SPX,REBUILD_REQUESTED,REBUILD,6533.63,6555.0,,Requested corridor rebuild after sustained drift.,,,,,,,,,,,,,,,,,,,,,,21.37,,,,,,,,,,10.0
2026-03-26T16:20:00+00:00,SPX,REBUILT,REBUILD,6528.62,6565.0,26.0,Removed prior layers for rebuild.,PRIMARY,6445.0,6565.0,6665.0,100.0,120.0,100.0,broken_lower,5.0,35.6058,34.7209,,0.8849,,,0.0,0.0,0.0,,1.0,100.0,,,28.3281,29.2323,-7.2777,-5.4886,0.8849,0.8589,0.026,none,
2026-03-26T16:20:00+00:00,SPX,REBUILT,ACTIVE_CENTERED,6528.62,6550.0,27.0,Established a fresh primary butterfly corridor layer.,PRIMARY,6430.0,6550.0,6650.0,100.0,120.0,100.0,broken_lower,5.0,35.6058,34.7209,0.8849,0.8849,0.8589,0.026,0.0,0.0,0.0,55.6058,1.0,100.0,,,,,,,,,,,
2026-03-26T16:25:00+00:00,SPX,DRIFT_STARTED,DRIFTING,6520.2,6550.0,,Corridor drift started.,,,,,,,,,,,,,,,,,,,,,,29.8,,,,,,,,,,
2026-03-26T17:20:00+00:00,SPX,REBUILD_REQUESTED,REBUILD,6508.91,6535.0,,Requested corridor rebuild after sustained drift.,,,,,,,,,,,,,,,,,,,,,,26.09,,,,,,,,,,12.0
2026-03-26T17:25:00+00:00,SPX,REBUILT,REBUILD,6511.01,6550.0,27.0,Removed prior layers for rebuild.,PRIMARY,6430.0,6550.0,6650.0,100.0,120.0,100.0,broken_lower,5.0,35.6058,34.7209,,0.8849,,,0.0,0.0,0.0,,1.0,100.0,,,27.8945,28.802,-7.7113,-5.9189,0.8849,0.8589,0.026,none,
2026-03-26T17:25:00+00:00,SPX,REBUILT,ACTIVE_CENTERED,6511.01,6535.0,28.0,Established a fresh primary butterfly corridor layer.,PRIMARY,6415.0,6535.0,6635.0,100.0,120.0,100.0,broken_lower,5.0,35.6058,34.7209,0.8849,0.8849,0.8589,0.026,0.0,0.0,0.0,55.6058,1.0,100.0,,,,,,,,,,,
2026-03-26T17:30:00+00:00,SPX,DRIFT_STARTED,DRIFTING,6514.75,6535.0,,Corridor drift started.,,,,,,,,,,,,,,,,,,,,,,20.25,,,,,,,,,,
2026-03-26T18:25:00+00:00,SPX,REBUILD_REQUESTED,REBUILD,6490.85,6520.0,,Requested corridor rebuild after sustained drift.,,,,,,,,,,,,,,,,,,,,,,29.15,,,,,,,,,,12.0
2026-03-26T18:30:00+00:00,SPX,REBUILT,REBUILD,6496.33,6535.0,28.0,Removed prior layers for rebuild.,PRIMARY,6415.0,6535.0,6635.0,100.0,120.0,100.0,broken_lower,5.0,35.6058,34.7209,,0.8849,,,0.0,0.0,0.0,,1.0,100.0,,,27.9566,28.8641,-7.6492,-5.8568,0.8849,0.8589,0.026,none,
2026-03-26T18:30:00+00:00,SPX,REBUILT,ACTIVE_CENTERED,6496.33,6515.0,29.0,Established a fresh primary butterfly corridor layer.,PRIMARY,6395.0,6515.0,6615.0,100.0,120.0,100.0,broken_lower,5.0,35.6058,34.7209,0.8849,0.8849,0.8589,0.026,0.0,0.0,0.0,55.6058,1.0,100.0,,,,,,,,,,,
2026-03-26T18:35:00+00:00,SPX,DRIFT_STARTED,DRIFTING,6498.79,6515.0,,Corridor drift started.,,,,,,,,,,,,,,,,,,,,,,16.21,,,,,,,,,,
2026-03-26T18:50:00+00:00,SPX,DRIFT_RESOLVED,ACTIVE_CENTERED,6500.26,6510.0,,Drift resolved without rebuilding.,,,,,,,,,,,,,,,,,,,,,,,,,,,,,,,,
2026-03-26T19:00:00+00:00,SPX,DRIFT_STARTED,DRIFTING,6492.12,6510.0,,Corridor drift started.,,,,,,,,,,,,,,,,,,,,,,17.88,,,,,,,,,,
2026-03-26T19:15:00+00:00,SPX,DRIFT_RESOLVED,ACTIVE_CENTERED,6490.59,6505.0,,Drift resolved without rebuilding.,,,,,,,,,,,,,,,,,,,,,,,,,,,,,,,,
2026-03-26T19:20:00+00:00,SPX,DRIFT_STARTED,DRIFTING,6486.0,6505.0,,Corridor drift started.,,,,,,,,,,,,,,,,,,,,,,19.0,,,,,,,,,,
2026-03-27T13:30:00+00:00,SPX,STOP_LOSS,ACTIVE_CENTERED,6430.49,6515.0,29.0,Primary stop-loss reached.,PRIMARY,6395.0,6515.0,6615.0,100.0,120.0,100.0,broken_lower,5.0,35.6058,34.7209,,0.8849,,,0.0,0.0,0.0,,1.0,100.0,,-0.4069,21.1191,22.9207,-14.4867,-11.8002,0.8849,0.8589,0.026,none,
2026-03-27T17:50:00+00:00,SPX,ENTER_PRIMARY,ACTIVE_CENTERED,6388.26,6415.0,30.0,Opened the primary butterfly corridor layer.,PRIMARY,6295.0,6415.0,6515.0,100.0,120.0,100.0,broken_lower,5.0,35.6058,34.7209,0.8849,0.8849,0.8589,0.026,0.0,0.0,0.0,55.6058,1.0,100.0,,,,,,,,,,,
2026-03-27T17:55:00+00:00,SPX,DRIFT_STARTED,DRIFTING,6386.07,6415.0,,Corridor drift started.,,,,,,,,,,,,,,,,,,,,,,28.93,,,,,,,,,,
2026-03-27T18:30:00+00:00,SPX,REBUILD_REQUESTED,REBUILD,6382.77,6405.0,,Requested corridor rebuild after sustained drift.,,,,,,,,,,,,,,,,,,,,,,22.23,,,,,,,,,,8.0
2026-03-27T18:35:00+00:00,SPX,REBUILT,REBUILD,6381.77,6415.0,30.0,Removed prior layers for rebuild.,PRIMARY,6295.0,6415.0,6515.0,100.0,120.0,100.0,broken_lower,5.0,35.6058,34.7209,,0.8849,,,0.0,0.0,0.0,,1.0,100.0,,,28.8593,29.7603,-6.7464,-4.9606,0.8849,0.8589,0.026,none,
2026-03-27T18:35:00+00:00,SPX,REBUILT,ACTIVE_CENTERED,6381.77,6405.0,31.0,Established a fresh primary butterfly corridor layer.,PRIMARY,6285.0,6405.0,6505.0,100.0,120.0,100.0,broken_lower,5.0,35.6058,34.7209,0.8849,0.8849,0.8589,0.026,0.0,0.0,0.0,55.6058,1.0,100.0,,,,,,,,,,,
2026-03-27T18:40:00+00:00,SPX,DRIFT_STARTED,DRIFTING,6384.4,6400.0,,Corridor drift started.,,,,,,,,,,,,,,,,,,,,,,15.6,,,,,,,,,,
2026-03-27T19:20:00+00:00,SPX,DRIFT_RESOLVED,ACTIVE_CENTERED,6376.43,6390.0,,Drift resolved without rebuilding.,,,,,,,,,,,,,,,,,,,,,,,,,,,,,,,,
2026-03-27T19:25:00+00:00,SPX,DRIFT_STARTED,DRIFTING,6373.29,6390.0,,Corridor drift started.,,,,,,,,,,,,,,,,,,,,,,16.71,,,,,,,,,,
2026-03-27T19:30:00+00:00,SPX,DRIFT_RESOLVED,ACTIVE_CENTERED,6377.67,6390.0,,Drift resolved without rebuilding.,,,,,,,,,,,,,,,,,,,,,,,,,,,,,,,,
2026-03-30T13:30:00+00:00,SPX,TAKE_PROFIT,ACTIVE_CENTERED,6413.8,6405.0,31.0,Primary take-profit reached.,PRIMARY,6285.0,6405.0,6505.0,100.0,120.0,100.0,broken_lower,5.0,35.6058,34.7209,,0.8849,,,0.0,0.0,0.0,,1.0,100.0,,1.121,75.5191,76.9067,39.9133,42.1858,0.8849,0.8589,0.026,none,
2026-03-30T14:10:00+00:00,SPX,ENTER_PRIMARY,ACTIVE_CENTERED,6388.75,6380.0,32.0,Opened the primary butterfly corridor layer.,PRIMARY,6260.0,6380.0,6480.0,100.0,120.0,100.0,broken_lower,5.0,35.6058,34.7209,0.8849,0.8849,0.8589,0.026,0.0,0.0,0.0,55.6058,1.0,100.0,,,,,,,,,,,
2026-03-30T14:55:00+00:00,SPX,DRIFT_STARTED,DRIFTING,6399.58,6380.0,,Corridor drift started.,,,,,,,,,,,,,,,,,,,,,,19.58,,,,,,,,,,
2026-03-30T15:05:00+00:00,SPX,DRIFT_RESOLVED,ACTIVE_CENTERED,6393.01,6380.0,,Drift resolved without rebuilding.,,,,,,,,,,,,,,,,,,,,,,,,,,,,,,,,
2026-03-30T15:40:00+00:00,SPX,DRIFT_STARTED,DRIFTING,6404.21,6385.0,,Corridor drift started.,,,,,,,,,,,,,,,,,,,,,,19.21,,,,,,,,,,
2026-03-30T15:55:00+00:00,SPX,DRIFT_RESOLVED,ACTIVE_CENTERED,6398.16,6385.0,,Drift resolved without rebuilding.,,,,,,,,,,,,,,,,,,,,,,,,,,,,,,,,
2026-03-30T17:00:00+00:00,SPX,DRIFT_STARTED,DRIFTING,6373.34,6390.0,,Corridor drift started.,,,,,,,,,,,,,,,,,,,,,,16.66,,,,,,,,,,
2026-03-30T17:05:00+00:00,SPX,DRIFT_RESOLVED,ACTIVE_CENTERED,6378.28,6390.0,,Drift resolved without rebuilding.,,,,,,,,,,,,,,,,,,,,,,,,,,,,,,,,
2026-03-30T17:10:00+00:00,SPX,DRIFT_STARTED,DRIFTING,6369.57,6385.0,,Corridor drift started.,,,,,,,,,,,,,,,,,,,,,,15.43,,,,,,,,,,
2026-03-30T17:45:00+00:00,SPX,REBUILD_REQUESTED,REBUILD,6360.21,6385.0,,Requested corridor rebuild after sustained drift.,,,,,,,,,,,,,,,,,,,,,,24.79,,,,,,,,,,8.0
2026-03-30T17:50:00+00:00,SPX,REBUILT,REBUILD,6358.94,6380.0,32.0,Removed prior layers for rebuild.,PRIMARY,6260.0,6380.0,6480.0,100.0,120.0,100.0,broken_lower,5.0,35.6058,34.7209,,0.8849,,,0.0,0.0,0.0,,1.0,100.0,,,32.7733,33.7293,-2.8324,-0.9917,0.8849,0.8589,0.026,none,
2026-03-30T17:50:00+00:00,SPX,REBUILT,ACTIVE_CENTERED,6358.94,6380.0,33.0,Established a fresh primary butterfly corridor layer.,PRIMARY,6260.0,6380.0,6480.0,100.0,120.0,100.0,broken_lower,5.0,35.6058,34.7209,0.8849,0.8849,0.8589,0.026,0.0,0.0,0.0,55.6058,1.0,100.0,,,,,,,,,,,
2026-03-30T17:55:00+00:00,SPX,DRIFT_STARTED,DRIFTING,6359.33,6380.0,,Corridor drift started.,,,,,,,,,,,,,,,,,,,,,,20.67,,,,,,,,,,
2026-03-30T18:50:00+00:00,SPX,REBUILD_REQUESTED,REBUILD,6342.63,6365.0,,Requested corridor rebuild after sustained drift.,,,,,,,,,,,,,,,,,,,,,,22.37,,,,,,,,,,12.0
2026-03-30T18:55:00+00:00,SPX,REBUILT,REBUILD,6342.0,6380.0,33.0,Removed prior layers for rebuild.,PRIMARY,6260.0,6380.0,6480.0,100.0,120.0,100.0,broken_lower,5.0,35.6058,34.7209,,0.8849,,,0.0,0.0,0.0,,1.0,100.0,,,28.0866,28.9941,-7.5192,-5.7268,0.8849,0.8589,0.026,none,
2026-03-30T18:55:00+00:00,SPX,REBUILT,ACTIVE_CENTERED,6342.0,6365.0,34.0,Established a fresh primary butterfly corridor layer.,PRIMARY,6245.0,6365.0,6465.0,100.0,120.0,100.0,broken_lower,5.0,35.6058,34.7209,0.8849,0.8849,0.8589,0.026,0.0,0.0,0.0,55.6058,1.0,100.0,,,,,,,,,,,
2026-03-30T19:00:00+00:00,SPX,DRIFT_STARTED,DRIFTING,6339.29,6365.0,,Corridor drift started.,,,,,,,,,,,,,,,,,,,,,,25.71,,,,,,,,,,
2026-03-30T19:15:00+00:00,SPX,ABORTED,DRIFTING,6324.43,6365.0,34.0,Regime turned TREND_DOWN.,PRIMARY,6245.0,6365.0,6465.0,100.0,120.0,100.0,broken_lower,5.0,35.6058,34.7209,,0.8849,,,0.0,0.0,0.0,,1.0,100.0,,,27.2819,28.1742,-8.3239,-6.5467,0.8849,0.8589,0.026,none,
2026-04-01T17:25:00+00:00,SPX,ENTER_PRIMARY,ACTIVE_CENTERED,6607.83,6595.0,35.0,Opened the primary butterfly corridor layer.,PRIMARY,6475.0,6595.0,6695.0,100.0,120.0,100.0,broken_lower,5.0,35.6058,34.7209,0.8849,0.8849,0.8589,0.026,0.0,0.0,0.0,55.6058,1.0,100.0,,,,,,,,,,,
2026-04-01T18:00:00+00:00,SPX,DRIFT_STARTED,DRIFTING,6584.3,6600.0,,Corridor drift started.,,,,,,,,,,,,,,,,,,,,,,15.7,,,,,,,,,,
2026-04-01T18:05:00+00:00,SPX,DRIFT_RESOLVED,ACTIVE_CENTERED,6585.4,6600.0,,Drift resolved without rebuilding.,,,,,,,,,,,,,,,,,,,,,,,,,,,,,,,,
2026-04-01T18:10:00+00:00,SPX,DRIFT_STARTED,DRIFTING,6583.99,6600.0,,Corridor drift started.,,,,,,,,,,,,,,,,,,,,,,16.01,,,,,,,,,,
2026-04-01T18:45:00+00:00,SPX,REBUILD_REQUESTED,REBUILD,6571.3,6595.0,,Requested corridor rebuild after sustained drift.,,,,,,,,,,,,,,,,,,,,,,23.7,,,,,,,,,,8.0
2026-04-01T18:50:00+00:00,SPX,REBUILT,REBUILD,6570.07,6595.0,35.0,Removed prior layers for rebuild.,PRIMARY,6475.0,6595.0,6695.0,100.0,120.0,100.0,broken_lower,5.0,35.6058,34.7209,,0.8849,,,0.0,0.0,0.0,,1.0,100.0,,,30.7946,31.7083,-4.8111,-3.0126,0.8849,0.8589,0.026,none,
2026-04-01T18:50:00+00:00,SPX,REBUILT,ACTIVE_CENTERED,6570.07,6595.0,36.0,Established a fresh primary butterfly corridor layer.,PRIMARY,6475.0,6595.0,6695.0,100.0,120.0,100.0,broken_lower,5.0,35.6058,34.7209,0.8849,0.8849,0.8589,0.026,0.0,0.0,0.0,55.6058,1.0,100.0,,,,,,,,,,,
2026-04-01T18:55:00+00:00,SPX,DRIFT_STARTED,DRIFTING,6568.07,6595.0,,Corridor drift started.,,,,,,,,,,,,,,,,,,,,,,26.93,,,,,,,,,,
2026-04-01T19:05:00+00:00,SPX,DRIFT_RESOLVED,ACTIVE_CENTERED,6576.21,6590.0,,Drift resolved without rebuilding.,,,,,,,,,,,,,,,,,,,,,,,,,,,,,,,,
2026-04-02T13:30:00+00:00,SPX,STOP_LOSS,ACTIVE_CENTERED,6493.94,6595.0,36.0,Primary stop-loss reached.,PRIMARY,6475.0,6595.0,6695.0,100.0,120.0,100.0,broken_lower,5.0,35.6058,34.7209,,0.8849,,,0.0,0.0,0.0,,1.0,100.0,,-0.5502,16.016,17.7868,-19.5898,-16.9341,0.8849,0.8589,0.026,none,
2026-04-02T18:20:00+00:00,SPX,ENTER_PRIMARY,ACTIVE_CENTERED,6561.44,6565.0,37.0,Opened the primary butterfly corridor layer.,PRIMARY,6445.0,6565.0,6665.0,100.0,120.0,100.0,broken_lower,5.0,35.6058,34.7209,0.8849,0.8849,0.8589,0.026,0.0,0.0,0.0,55.6058,1.0,100.0,,,,,,,,,,,
2026-04-06T13:30:00+00:00,SPX,TAKE_PROFIT,ACTIVE_CENTERED,6596.96,6565.0,37.0,Primary take-profit reached.,PRIMARY,6445.0,6565.0,6665.0,100.0,120.0,100.0,broken_lower,5.0,35.6058,34.7209,,0.8849,,,0.0,0.0,0.0,,1.0,100.0,,1.0339,72.4193,73.7522,36.8136,39.0313,0.8849,0.8589,0.026,none,
2026-04-06T14:00:00+00:00,SPX,ENTER_PRIMARY,ACTIVE_CENTERED,6587.8,6570.0,38.0,Opened the primary butterfly corridor layer.,PRIMARY,6450.0,6570.0,6670.0,100.0,120.0,100.0,broken_lower,5.0,35.6058,34.7209,0.8849,0.8849,0.8589,0.026,0.0,0.0,0.0,55.6058,1.0,100.0,,,,,,,,,,,
2026-04-06T14:05:00+00:00,SPX,DRIFT_STARTED,DRIFTING,6594.75,6575.0,,Corridor drift started.,,,,,,,,,,,,,,,,,,,,,,19.75,,,,,,,,,,
2026-04-06T14:15:00+00:00,SPX,STOP_LOSS,DRIFTING,6606.77,6570.0,38.0,Primary stop-loss reached.,PRIMARY,6450.0,6570.0,6670.0,100.0,120.0,100.0,broken_lower,5.0,35.6058,34.7209,,0.8849,,,0.0,0.0,0.0,,1.0,100.0,,-0.2531,26.5938,27.4843,-9.012,-7.2367,0.8849,0.8589,0.026,none,
2026-04-06T14:20:00+00:00,SPX,ENTER_PRIMARY,ACTIVE_CENTERED,6610.3,6575.0,39.0,Opened the primary butterfly corridor layer.,PRIMARY,6455.0,6575.0,6675.0,100.0,120.0,100.0,broken_lower,5.0,35.6058,34.7209,0.8849,0.8849,0.8589,0.026,0.0,0.0,0.0,55.6058,1.0,100.0,,,,,,,,,,,
2026-04-06T14:25:00+00:00,SPX,DRIFT_STARTED,DRIFTING,6607.26,6580.0,,Corridor drift started.,,,,,,,,,,,,,,,,,,,,,,27.26,,,,,,,,,,
2026-04-06T14:35:00+00:00,SPX,DRIFT_RESOLVED,ACTIVE_CENTERED,6594.43,6580.0,,Drift resolved without rebuilding.,,,,,,,,,,,,,,,,,,,,,,,,,,,,,,,,
2026-04-06T14:40:00+00:00,SPX,DRIFT_STARTED,DRIFTING,6600.3,6580.0,,Corridor drift started.,,,,,,,,,,,,,,,,,,,,,,20.3,,,,,,,,,,
2026-04-06T14:45:00+00:00,SPX,DRIFT_RESOLVED,ACTIVE_CENTERED,6590.54,6580.0,,Drift resolved without rebuilding.,,,,,,,,,,,,,,,,,,,,,,,,,,,,,,,,
2026-04-06T15:05:00+00:00,SPX,DRIFT_STARTED,DRIFTING,6600.42,6585.0,,Corridor drift started.,,,,,,,,,,,,,,,,,,,,,,15.42,,,,,,,,,,
2026-04-06T15:10:00+00:00,SPX,DRIFT_RESOLVED,ACTIVE_CENTERED,6598.24,6585.0,,Drift resolved without rebuilding.,,,,,,,,,,,,,,,,,,,,,,,,,,,,,,,,
2026-04-06T17:10:00+00:00,SPX,DRIFT_STARTED,DRIFTING,6583.7,6600.0,,Corridor drift started.,,,,,,,,,,,,,,,,,,,,,,16.3,,,,,,,,,,
2026-04-06T17:15:00+00:00,SPX,DRIFT_RESOLVED,ACTIVE_CENTERED,6588.47,6600.0,,Drift resolved without rebuilding.,,,,,,,,,,,,,,,,,,,,,,,,,,,,,,,,
2026-04-07T13:30:00+00:00,SPX,TAKE_PROFIT,ACTIVE_CENTERED,6582.51,6575.0,39.0,Primary take-profit reached.,PRIMARY,6455.0,6575.0,6675.0,100.0,120.0,100.0,broken_lower,5.0,35.6058,34.7209,,0.8849,,,0.0,0.0,0.0,,1.0,100.0,,0.3249,47.1751,49.1692,11.5694,14.4483,0.8849,0.8589,0.026,none,
2026-04-07T14:45:00+00:00,SPX,ENTER_PRIMARY,ACTIVE_CENTERED,6565.23,6590.0,40.0,Opened the primary butterfly corridor layer.,PRIMARY,6470.0,6590.0,6690.0,100.0,120.0,100.0,broken_lower,5.0,35.6058,34.7209,0.8849,0.8849,0.8589,0.026,0.0,0.0,0.0,55.6058,1.0,100.0,,,,,,,,,,,
2026-04-07T14:50:00+00:00,SPX,DRIFT_STARTED,DRIFTING,6561.53,6585.0,,Corridor drift started.,,,,,,,,,,,,,,,,,,,,,,23.47,,,,,,,,,,
2026-04-07T15:00:00+00:00,SPX,STOP_LOSS,DRIFTING,6542.3,6590.0,40.0,Primary stop-loss reached.,PRIMARY,6470.0,6590.0,6690.0,100.0,120.0,100.0,broken_lower,5.0,35.6058,34.7209,,0.8849,,,0.0,0.0,0.0,,1.0,100.0,,-0.2725,25.9047,26.7952,-9.701,-7.9257,0.8849,0.8589,0.026,none,
2026-04-07T15:20:00+00:00,SPX,ENTER_PRIMARY,ACTIVE_CENTERED,6548.37,6575.0,41.0,Opened the primary butterfly corridor layer.,PRIMARY,6455.0,6575.0,6675.0,100.0,120.0,100.0,broken_lower,5.0,35.6058,34.7209,0.8849,0.8849,0.8589,0.026,0.0,0.0,0.0,55.6058,1.0,100.0,,,,,,,,,,,
2026-04-07T15:25:00+00:00,SPX,DRIFT_STARTED,DRIFTING,6555.49,6575.0,,Corridor drift started.,,,,,,,,,,,,,,,,,,,,,,19.51,,,,,,,,,,
2026-04-07T15:50:00+00:00,SPX,DRIFT_RESOLVED,ACTIVE_CENTERED,6556.43,6570.0,,Drift resolved without rebuilding.,,,,,,,,,,,,,,,,,,,,,,,,,,,,,,,,
2026-04-07T16:20:00+00:00,SPX,DRIFT_STARTED,DRIFTING,6581.1,6565.0,,Corridor drift started.,,,,,,,,,,,,,,,,,,,,,,16.1,,,,,,,,,,
2026-04-07T16:35:00+00:00,SPX,DRIFT_RESOLVED,ACTIVE_CENTERED,6579.48,6565.0,,Drift resolved without rebuilding.,,,,,,,,,,,,,,,,,,,,,,,,,,,,,,,,
2026-04-07T16:40:00+00:00,SPX,DRIFT_STARTED,DRIFTING,6583.87,6565.0,,Corridor drift started.,,,,,,,,,,,,,,,,,,,,,,18.87,,,,,,,,,,
2026-04-07T17:15:00+00:00,SPX,DRIFT_RESOLVED,ACTIVE_CENTERED,6584.4,6570.0,,Drift resolved without rebuilding.,,,,,,,,,,,,,,,,,,,,,,,,,,,,,,,,
2026-04-07T17:30:00+00:00,SPX,DRIFT_STARTED,DRIFTING,6591.12,6570.0,,Corridor drift started.,,,,,,,,,,,,,,,,,,,,,,21.12,,,,,,,,,,
2026-04-07T18:00:00+00:00,SPX,DRIFT_RESOLVED,ACTIVE_CENTERED,6589.87,6575.0,,Drift resolved without rebuilding.,,,,,,,,,,,,,,,,,,,,,,,,,,,,,,,,
2026-04-07T18:50:00+00:00,SPX,DRIFT_STARTED,DRIFTING,6565.64,6585.0,,Corridor drift started.,,,,,,,,,,,,,,,,,,,,,,19.36,,,,,,,,,,
2026-04-07T19:15:00+00:00,SPX,DRIFT_RESOLVED,ACTIVE_CENTERED,6595.64,6585.0,,Drift resolved without rebuilding.,,,,,,,,,,,,,,,,,,,,,,,,,,,,,,,,
2026-04-08T13:30:00+00:00,SPX,STOP_LOSS,ACTIVE_CENTERED,6785.47,6575.0,41.0,Primary stop-loss reached.,PRIMARY,6455.0,6575.0,6675.0,100.0,120.0,100.0,broken_lower,5.0,35.6058,34.7209,,0.8849,,,0.0,0.0,0.0,,1.0,100.0,,-0.8623,4.902,6.8844,-30.7037,-27.8365,0.8849,0.8589,0.026,none,
2026-04-08T17:35:00+00:00,SPX,ENTER_PRIMARY,ACTIVE_CENTERED,6776.77,6770.0,42.0,Opened the primary butterfly corridor layer.,PRIMARY,6650.0,6770.0,6870.0,100.0,120.0,100.0,broken_lower,5.0,35.6058,34.7209,0.8849,0.8849,0.8589,0.026,0.0,0.0,0.0,55.6058,1.0,100.0,,,,,,,,,,,
2026-04-08T18:40:00+00:00,SPX,DRIFT_STARTED,DRIFTING,6764.22,6780.0,,Corridor drift started.,,,,,,,,,,,,,,,,,,,,,,15.78,,,,,,,,,,
2026-04-08T18:50:00+00:00,SPX,DRIFT_RESOLVED,ACTIVE_CENTERED,6763.29,6775.0,,Drift resolved without rebuilding.,,,,,,,,,,,,,,,,,,,,,,,,,,,,,,,,
2026-04-08T18:55:00+00:00,SPX,DRIFT_STARTED,DRIFTING,6753.98,6775.0,,Corridor drift started.,,,,,,,,,,,,,,,,,,,,,,21.02,,,,,,,,,,
2026-04-08T19:05:00+00:00,SPX,DRIFT_RESOLVED,ACTIVE_CENTERED,6760.52,6775.0,,Drift resolved without rebuilding.,,,,,,,,,,,,,,,,,,,,,,,,,,,,,,,,
2026-04-08T19:25:00+00:00,SPX,DRIFT_STARTED,DRIFTING,6759.8,6775.0,,Corridor drift started.,,,,,,,,,,,,,,,,,,,,,,15.2,,,,,,,,,,
2026-04-08T19:30:00+00:00,SPX,DRIFT_RESOLVED,ACTIVE_CENTERED,6769.52,6775.0,,Drift resolved without rebuilding.,,,,,,,,,,,,,,,,,,,,,,,,,,,,,,,,
