timestamp,symbol,week_key,action,state,price,center_price,layer_id,detail,kind,body_strike,lower_strike,upper_strike,width,dte,entry_cost,entry_debit,entry_friction_cost,gross_deployment,adjustments_this_week,close_value,gross_close_value,realized_pnl,gross_realized_pnl,close_friction_cost
2025-04-01T20:00:00+00:00,SPX,2025-03-31,ABORT,ABORTED,5632.92,0.0,1,Aborted on trend-dominant week.,INITIAL,-125.0,-275.0,25.0,150.0,,,,,,,0.0,0.0,-33.056,-33.0,0.056
2025-04-01T20:00:00+00:00,SPX,2025-03-31,ABORT,ABORTED,5632.92,0.0,2,Aborted on trend-dominant week.,INITIAL,0.0,-150.0,150.0,150.0,,,,,,,0.0,0.0,-33.056,-33.0,0.056
2025-04-01T20:00:00+00:00,SPX,2025-03-31,ABORT,ABORTED,5632.92,0.0,3,Aborted on trend-dominant week.,INITIAL,125.0,-25.0,275.0,150.0,,,,,,,0.0,0.0,-33.056,-33.0,0.056
2025-04-01T20:00:00+00:00,SPX,2025-03-31,ABORT,ABORTED,5632.92,0.0,4,Aborted on trend-dominant week.,ADJUSTMENT,5600.0,5450.0,5750.0,150.0,,,,,,,50.0465,50.1025,16.9905,17.1025,0.056
2025-04-29T19:00:00+00:00,SPX,2025-04-28,ABORT,ABORTED,5561.66,0.0,5,Aborted on trend-dominant week.,INITIAL,-125.0,-275.0,25.0,150.0,,,,,,,0.0,0.0,-33.056,-33.0,0.056
2025-04-29T19:00:00+00:00,SPX,2025-04-28,ABORT,ABORTED,5561.66,0.0,6,Aborted on trend-dominant week.,INITIAL,0.0,-150.0,150.0,150.0,,,,,,,0.0,0.0,-33.056,-33.0,0.056
2025-04-29T19:00:00+00:00,SPX,2025-04-28,ABORT,ABORTED,5561.66,0.0,7,Aborted on trend-dominant week.,INITIAL,125.0,-25.0,275.0,150.0,,,,,,,0.0,0.0,-33.056,-33.0,0.056
2025-05-06T17:30:00+00:00,SPX,2025-05-05,ABORT,ABORTED,5616.77,0.0,8,Aborted on trend-dominant week.,INITIAL,-125.0,-275.0,25.0,150.0,,,,,,,0.0,0.0,-33.056,-33.0,0.056
2025-05-06T17:30:00+00:00,SPX,2025-05-05,ABORT,ABORTED,5616.77,0.0,9,Aborted on trend-dominant week.,INITIAL,0.0,-150.0,150.0,150.0,,,,,,,0.0,0.0,-33.056,-33.0,0.056
2025-05-06T17:30:00+00:00,SPX,2025-05-05,ABORT,ABORTED,5616.77,0.0,10,Aborted on trend-dominant week.,INITIAL,125.0,-25.0,275.0,150.0,,,,,,,0.0,0.0,-33.056,-33.0,0.056
2025-05-06T17:30:00+00:00,SPX,2025-05-05,ABORT,ABORTED,5616.77,0.0,11,Aborted on trend-dominant week.,ADJUSTMENT,5625.0,5475.0,5775.0,150.0,,,,,,,52.0761,52.1321,19.0201,19.1321,0.056
2025-05-19T16:30:00+00:00,SPX,2025-05-19,ABORT,ABORTED,5950.55,0.0,12,Aborted on trend-dominant week.,INITIAL,-125.0,-275.0,25.0,150.0,,,,,,,0.0,0.0,-33.056,-33.0,0.056
2025-05-19T16:30:00+00:00,SPX,2025-05-19,ABORT,ABORTED,5950.55,0.0,13,Aborted on trend-dominant week.,INITIAL,0.0,-150.0,150.0,150.0,,,,,,,0.0,0.0,-33.056,-33.0,0.056
2025-05-19T16:30:00+00:00,SPX,2025-05-19,ABORT,ABORTED,5950.55,0.0,14,Aborted on trend-dominant week.,INITIAL,125.0,-25.0,275.0,150.0,,,,,,,0.0,0.0,-33.056,-33.0,0.056
2025-05-19T16:30:00+00:00,SPX,2025-05-19,ABORT,ABORTED,5950.55,0.0,15,Aborted on trend-dominant week.,ADJUSTMENT,5940.0,5790.0,6090.0,150.0,,,,,,,51.6549,51.7109,18.5989,18.7109,0.056
2025-05-30T19:00:00+00:00,SPX,2025-05-26,EXIT_WEEK,EXITED,5905.22,0.0,16,Forced weekly exit window reached.,INITIAL,-125.0,-275.0,25.0,150.0,,,,,,,0.0,0.0,-33.056,-33.0,0.056
2025-05-30T19:00:00+00:00,SPX,2025-05-26,EXIT_WEEK,EXITED,5905.22,0.0,17,Forced weekly exit window reached.,INITIAL,0.0,-150.0,150.0,150.0,,,,,,,0.0,0.0,-33.056,-33.0,0.056
2025-05-30T19:00:00+00:00,SPX,2025-05-26,EXIT_WEEK,EXITED,5905.22,0.0,18,Forced weekly exit window reached.,INITIAL,125.0,-25.0,275.0,150.0,,,,,,,0.0,0.0,-33.056,-33.0,0.056
2025-05-30T19:00:00+00:00,SPX,2025-05-26,EXIT_WEEK,EXITED,5905.22,0.0,19,Forced weekly exit window reached.,ADJUSTMENT,5895.0,5745.0,6045.0,150.0,,,,,,,70.4835,70.5395,37.4275,37.5395,0.056
2025-06-06T13:30:00+00:00,SPX,2025-06-02,ABORT,ABORTED,5998.73,0.0,20,Aborted on trend-dominant week.,INITIAL,-125.0,-275.0,25.0,150.0,,,,,,,0.0,0.0,-33.056,-33.0,0.056
2025-06-06T13:30:00+00:00,SPX,2025-06-02,ABORT,ABORTED,5998.73,0.0,21,Aborted on trend-dominant week.,INITIAL,0.0,-150.0,150.0,150.0,,,,,,,0.0,0.0,-33.056,-33.0,0.056
2025-06-06T13:30:00+00:00,SPX,2025-06-02,ABORT,ABORTED,5998.73,0.0,22,Aborted on trend-dominant week.,INITIAL,125.0,-25.0,275.0,150.0,,,,,,,0.0,0.0,-33.056,-33.0,0.056
2025-06-06T13:30:00+00:00,SPX,2025-06-02,ABORT,ABORTED,5998.73,0.0,23,Aborted on trend-dominant week.,ADJUSTMENT,5905.0,5755.0,6055.0,150.0,,,,,,,61.6024,61.6584,28.5464,28.6584,0.056
2025-06-13T13:30:00+00:00,SPX,2025-06-09,EXIT_HOLD,EXITED,6005.27,0.0,24,Holding window reached its maximum trading-day length.,INITIAL,-125.0,-275.0,25.0,150.0,,,,,,,0.0,0.0,-33.056,-33.0,0.056
2025-06-13T13:30:00+00:00,SPX,2025-06-09,EXIT_HOLD,EXITED,6005.27,0.0,25,Holding window reached its maximum trading-day length.,INITIAL,0.0,-150.0,150.0,150.0,,,,,,,0.0,0.0,-33.056,-33.0,0.056
2025-06-13T13:30:00+00:00,SPX,2025-06-09,EXIT_HOLD,EXITED,6005.27,0.0,26,Holding window reached its maximum trading-day length.,INITIAL,125.0,-25.0,275.0,150.0,,,,,,,0.0,0.0,-33.056,-33.0,0.056
2025-06-13T13:30:00+00:00,SPX,2025-06-09,EXIT_HOLD,EXITED,6005.27,0.0,27,Holding window reached its maximum trading-day length.,ADJUSTMENT,6010.0,5860.0,6160.0,150.0,,,,,,,76.044,76.1,42.988,43.1,0.056
2025-06-20T13:30:00+00:00,SPX,2025-06-16,EXIT_HOLD,EXITED,6006.4,0.0,28,Holding window reached its maximum trading-day length.,INITIAL,-125.0,-275.0,25.0,150.0,,,,,,,0.0,0.0,-33.056,-33.0,0.056
2025-06-20T13:30:00+00:00,SPX,2025-06-16,EXIT_HOLD,EXITED,6006.4,0.0,29,Holding window reached its maximum trading-day length.,INITIAL,0.0,-150.0,150.0,150.0,,,,,,,0.0,0.0,-33.056,-33.0,0.056
2025-06-20T13:30:00+00:00,SPX,2025-06-16,EXIT_HOLD,EXITED,6006.4,0.0,30,Holding window reached its maximum trading-day length.,INITIAL,125.0,-25.0,275.0,150.0,,,,,,,0.0,0.0,-33.056,-33.0,0.056
2025-06-20T13:30:00+00:00,SPX,2025-06-16,EXIT_HOLD,EXITED,6006.4,0.0,31,Holding window reached its maximum trading-day length.,ADJUSTMENT,6050.0,5900.0,6200.0,150.0,,,,,,,69.7368,69.7928,36.6808,36.7928,0.056
2025-06-24T13:30:00+00:00,SPX,2025-06-23,ABORT,ABORTED,6068.27,0.0,32,Aborted on trend-dominant week.,INITIAL,-125.0,-275.0,25.0,150.0,,,,,,,0.0,0.0,-33.056,-33.0,0.056
2025-06-24T13:30:00+00:00,SPX,2025-06-23,ABORT,ABORTED,6068.27,0.0,33,Aborted on trend-dominant week.,INITIAL,0.0,-150.0,150.0,150.0,,,,,,,0.0,0.0,-33.056,-33.0,0.056
2025-06-24T13:30:00+00:00,SPX,2025-06-23,ABORT,ABORTED,6068.27,0.0,34,Aborted on trend-dominant week.,INITIAL,125.0,-25.0,275.0,150.0,,,,,,,0.0,0.0,-33.056,-33.0,0.056
2025-06-24T13:30:00+00:00,SPX,2025-06-23,ABORT,ABORTED,6068.27,0.0,35,Aborted on trend-dominant week.,ADJUSTMENT,6000.0,5850.0,6150.0,150.0,,,,,,,51.621,51.677,18.565,18.677,0.056
2025-07-02T15:00:00+00:00,SPX,2025-06-30,ABORT,ABORTED,6212.27,0.0,36,Aborted on trend-dominant week.,INITIAL,-125.0,-275.0,25.0,150.0,,,,,,,0.0,0.0,-33.056,-33.0,0.056
2025-07-02T15:00:00+00:00,SPX,2025-06-30,ABORT,ABORTED,6212.27,0.0,37,Aborted on trend-dominant week.,INITIAL,0.0,-150.0,150.0,150.0,,,,,,,0.0,0.0,-33.056,-33.0,0.056
2025-07-02T15:00:00+00:00,SPX,2025-06-30,ABORT,ABORTED,6212.27,0.0,38,Aborted on trend-dominant week.,INITIAL,125.0,-25.0,275.0,150.0,,,,,,,0.0,0.0,-33.056,-33.0,0.056
2025-07-02T15:00:00+00:00,SPX,2025-06-30,ABORT,ABORTED,6212.27,0.0,39,Aborted on trend-dominant week.,ADJUSTMENT,6185.0,6035.0,6335.0,150.0,,,,,,,60.5942,60.6502,27.5382,27.6502,0.056
2025-07-11T13:30:00+00:00,SPX,2025-07-07,EXIT_HOLD,EXITED,6247.94,0.0,40,Holding window reached its maximum trading-day length.,INITIAL,-125.0,-275.0,25.0,150.0,,,,,,,0.0,0.0,-33.056,-33.0,0.056
2025-07-11T13:30:00+00:00,SPX,2025-07-07,EXIT_HOLD,EXITED,6247.94,0.0,41,Holding window reached its maximum trading-day length.,INITIAL,0.0,-150.0,150.0,150.0,,,,,,,0.0,0.0,-33.056,-33.0,0.056
2025-07-11T13:30:00+00:00,SPX,2025-07-07,EXIT_HOLD,EXITED,6247.94,0.0,42,Holding window reached its maximum trading-day length.,INITIAL,125.0,-25.0,275.0,150.0,,,,,,,0.0,0.0,-33.056,-33.0,0.056
2025-07-11T13:30:00+00:00,SPX,2025-07-07,EXIT_HOLD,EXITED,6247.94,0.0,43,Holding window reached its maximum trading-day length.,ADJUSTMENT,6250.0,6100.0,6400.0,150.0,,,,,,,76.4773,76.5333,43.4213,43.5333,0.056
2025-07-18T13:30:00+00:00,SPX,2025-07-14,EXIT_HOLD,EXITED,6309.9,0.0,44,Holding window reached its maximum trading-day length.,INITIAL,-125.0,-275.0,25.0,150.0,,,,,,,0.0,0.0,-33.056,-33.0,0.056
2025-07-18T13:30:00+00:00,SPX,2025-07-14,EXIT_HOLD,EXITED,6309.9,0.0,45,Holding window reached its maximum trading-day length.,INITIAL,0.0,-150.0,150.0,150.0,,,,,,,0.0,0.0,-33.056,-33.0,0.056
2025-07-18T13:30:00+00:00,SPX,2025-07-14,EXIT_HOLD,EXITED,6309.9,0.0,46,Holding window reached its maximum trading-day length.,INITIAL,125.0,-25.0,275.0,150.0,,,,,,,0.0,0.0,-33.056,-33.0,0.056
2025-07-18T13:30:00+00:00,SPX,2025-07-14,EXIT_HOLD,EXITED,6309.9,0.0,47,Holding window reached its maximum trading-day length.,ADJUSTMENT,6245.0,6095.0,6395.0,150.0,,,,,,,66.2805,66.3365,33.2245,33.3365,0.056
2025-07-25T13:30:00+00:00,SPX,2025-07-21,EXIT_HOLD,EXITED,6372.76,0.0,48,Holding window reached its maximum trading-day length.,INITIAL,-125.0,-275.0,25.0,150.0,,,,,,,0.0,0.0,-33.056,-33.0,0.056
2025-07-25T13:30:00+00:00,SPX,2025-07-21,EXIT_HOLD,EXITED,6372.76,0.0,49,Holding window reached its maximum trading-day length.,INITIAL,0.0,-150.0,150.0,150.0,,,,,,,0.0,0.0,-33.056,-33.0,0.056
2025-07-25T13:30:00+00:00,SPX,2025-07-21,EXIT_HOLD,EXITED,6372.76,0.0,50,Holding window reached its maximum trading-day length.,INITIAL,125.0,-25.0,275.0,150.0,,,,,,,0.0,0.0,-33.056,-33.0,0.056
2025-07-25T13:30:00+00:00,SPX,2025-07-21,EXIT_HOLD,EXITED,6372.76,0.0,51,Holding window reached its maximum trading-day length.,ADJUSTMENT,6330.0,6180.0,6480.0,150.0,,,,,,,69.8731,69.9291,36.8171,36.9291,0.056
2025-08-01T13:30:00+00:00,SPX,2025-07-28,ABORT,ABORTED,6262.57,0.0,52,Aborted on trend-dominant week.,INITIAL,-125.0,-275.0,25.0,150.0,,,,,,,0.0,0.0,-33.056,-33.0,0.056
2025-08-01T13:30:00+00:00,SPX,2025-07-28,ABORT,ABORTED,6262.57,0.0,53,Aborted on trend-dominant week.,INITIAL,0.0,-150.0,150.0,150.0,,,,,,,0.0,0.0,-33.056,-33.0,0.056
2025-08-01T13:30:00+00:00,SPX,2025-07-28,ABORT,ABORTED,6262.57,0.0,54,Aborted on trend-dominant week.,INITIAL,125.0,-25.0,275.0,150.0,,,,,,,0.0,0.0,-33.056,-33.0,0.056
2025-08-01T13:30:00+00:00,SPX,2025-07-28,ABORT,ABORTED,6262.57,0.0,55,Aborted on trend-dominant week.,ADJUSTMENT,6395.0,6245.0,6545.0,150.0,,,,,,,55.3228,55.3788,22.2668,22.3788,0.056
2025-08-08T13:30:00+00:00,SPX,2025-08-04,EXIT_HOLD,EXITED,6359.92,0.0,56,Holding window reached its maximum trading-day length.,INITIAL,-125.0,-275.0,25.0,150.0,,,,,,,0.0,0.0,-33.056,-33.0,0.056
2025-08-08T13:30:00+00:00,SPX,2025-08-04,EXIT_HOLD,EXITED,6359.92,0.0,57,Holding window reached its maximum trading-day length.,INITIAL,0.0,-150.0,150.0,150.0,,,,,,,0.0,0.0,-33.056,-33.0,0.056
2025-08-08T13:30:00+00:00,SPX,2025-08-04,EXIT_HOLD,EXITED,6359.92,0.0,58,Holding window reached its maximum trading-day length.,INITIAL,125.0,-25.0,275.0,150.0,,,,,,,0.0,0.0,-33.056,-33.0,0.056
2025-08-08T13:30:00+00:00,SPX,2025-08-04,EXIT_HOLD,EXITED,6359.92,0.0,59,Holding window reached its maximum trading-day length.,ADJUSTMENT,6310.0,6160.0,6460.0,150.0,,,,,,,68.7113,68.7673,35.6553,35.7673,0.056
2025-08-12T17:00:00+00:00,SPX,2025-08-11,ABORT,ABORTED,6434.71,0.0,60,Aborted on trend-dominant week.,INITIAL,-125.0,-275.0,25.0,150.0,,,,,,,0.0,0.0,-33.056,-33.0,0.056
2025-08-12T17:00:00+00:00,SPX,2025-08-11,ABORT,ABORTED,6434.71,0.0,61,Aborted on trend-dominant week.,INITIAL,0.0,-150.0,150.0,150.0,,,,,,,0.0,0.0,-33.056,-33.0,0.056
2025-08-12T17:00:00+00:00,SPX,2025-08-11,ABORT,ABORTED,6434.71,0.0,62,Aborted on trend-dominant week.,INITIAL,125.0,-25.0,275.0,150.0,,,,,,,0.0,0.0,-33.056,-33.0,0.056
2025-08-12T17:00:00+00:00,SPX,2025-08-11,ABORT,ABORTED,6434.71,0.0,63,Aborted on trend-dominant week.,ADJUSTMENT,6390.0,6240.0,6540.0,150.0,,,,,,,54.5619,54.6179,21.5059,21.6179,0.056
2025-08-20T14:00:00+00:00,SPX,2025-08-18,ABORT,ABORTED,6370.36,0.0,64,Aborted on trend-dominant week.,INITIAL,-125.0,-275.0,25.0,150.0,,,,,,,0.0,0.0,-33.056,-33.0,0.056
2025-08-20T14:00:00+00:00,SPX,2025-08-18,ABORT,ABORTED,6370.36,0.0,65,Aborted on trend-dominant week.,INITIAL,0.0,-150.0,150.0,150.0,,,,,,,0.0,0.0,-33.056,-33.0,0.056
2025-08-20T14:00:00+00:00,SPX,2025-08-18,ABORT,ABORTED,6370.36,0.0,66,Aborted on trend-dominant week.,INITIAL,125.0,-25.0,275.0,150.0,,,,,,,0.0,0.0,-33.056,-33.0,0.056
2025-08-20T14:00:00+00:00,SPX,2025-08-18,ABORT,ABORTED,6370.36,0.0,67,Aborted on trend-dominant week.,ADJUSTMENT,6450.0,6300.0,6600.0,150.0,,,,,,,55.103,55.159,22.047,22.159,0.056
2025-08-29T13:30:00+00:00,SPX,2025-08-25,EXIT_HOLD,EXITED,6486.2,0.0,68,Holding window reached its maximum trading-day length.,INITIAL,-125.0,-275.0,25.0,150.0,,,,,,,0.0,0.0,-33.056,-33.0,0.056
2025-08-29T13:30:00+00:00,SPX,2025-08-25,EXIT_HOLD,EXITED,6486.2,0.0,69,Holding window reached its maximum trading-day length.,INITIAL,0.0,-150.0,150.0,150.0,,,,,,,0.0,0.0,-33.056,-33.0,0.056
2025-08-29T13:30:00+00:00,SPX,2025-08-25,EXIT_HOLD,EXITED,6486.2,0.0,70,Holding window reached its maximum trading-day length.,INITIAL,125.0,-25.0,275.0,150.0,,,,,,,0.0,0.0,-33.056,-33.0,0.056
2025-08-29T13:30:00+00:00,SPX,2025-08-25,EXIT_HOLD,EXITED,6486.2,0.0,71,Holding window reached its maximum trading-day length.,ADJUSTMENT,6455.0,6305.0,6605.0,150.0,,,,,,,71.7489,71.8049,38.6929,38.8049,0.056
2025-09-05T19:00:00+00:00,SPX,2025-09-01,EXIT_WEEK,EXITED,6473.37,0.0,72,Forced weekly exit window reached.,INITIAL,-125.0,-275.0,25.0,150.0,,,,,,,0.0,0.0,-33.056,-33.0,0.056
2025-09-05T19:00:00+00:00,SPX,2025-09-01,EXIT_WEEK,EXITED,6473.37,0.0,73,Forced weekly exit window reached.,INITIAL,0.0,-150.0,150.0,150.0,,,,,,,0.0,0.0,-33.056,-33.0,0.056
2025-09-05T19:00:00+00:00,SPX,2025-09-01,EXIT_WEEK,EXITED,6473.37,0.0,74,Forced weekly exit window reached.,INITIAL,125.0,-25.0,275.0,150.0,,,,,,,0.0,0.0,-33.056,-33.0,0.056
2025-09-05T19:00:00+00:00,SPX,2025-09-01,EXIT_WEEK,EXITED,6473.37,0.0,75,Forced weekly exit window reached.,ADJUSTMENT,6405.0,6255.0,6555.0,150.0,,,,,,,62.0931,62.1491,29.0371,29.1491,0.056
2025-09-08T20:00:00+00:00,SPX,2025-09-08,ABORT,ABORTED,6496.06,0.0,76,Aborted on trend-dominant week.,INITIAL,-125.0,-275.0,25.0,150.0,,,,,,,0.0,0.0,-33.056,-33.0,0.056
2025-09-08T20:00:00+00:00,SPX,2025-09-08,ABORT,ABORTED,6496.06,0.0,77,Aborted on trend-dominant week.,INITIAL,0.0,-150.0,150.0,150.0,,,,,,,0.0,0.0,-33.056,-33.0,0.056
2025-09-08T20:00:00+00:00,SPX,2025-09-08,ABORT,ABORTED,6496.06,0.0,78,Aborted on trend-dominant week.,INITIAL,125.0,-25.0,275.0,150.0,,,,,,,0.0,0.0,-33.056,-33.0,0.056
2025-09-08T20:00:00+00:00,SPX,2025-09-08,ABORT,ABORTED,6496.06,0.0,79,Aborted on trend-dominant week.,ADJUSTMENT,6500.0,6350.0,6650.0,150.0,,,,,,,53.035,53.091,19.979,20.091,0.056
2025-09-15T15:00:00+00:00,SPX,2025-09-15,ABORT,ABORTED,6618.36,0.0,80,Aborted on trend-dominant week.,INITIAL,-125.0,-275.0,25.0,150.0,,,,,,,0.0,0.0,-33.056,-33.0,0.056
2025-09-15T15:00:00+00:00,SPX,2025-09-15,ABORT,ABORTED,6618.36,0.0,81,Aborted on trend-dominant week.,INITIAL,0.0,-150.0,150.0,150.0,,,,,,,0.0,0.0,-33.056,-33.0,0.056
2025-09-15T15:00:00+00:00,SPX,2025-09-15,ABORT,ABORTED,6618.36,0.0,82,Aborted on trend-dominant week.,INITIAL,125.0,-25.0,275.0,150.0,,,,,,,0.0,0.0,-33.056,-33.0,0.056
2025-09-15T15:00:00+00:00,SPX,2025-09-15,ABORT,ABORTED,6618.36,0.0,83,Aborted on trend-dominant week.,ADJUSTMENT,6615.0,6465.0,6765.0,150.0,,,,,,,51.7833,51.8393,18.7273,18.8393,0.056
2025-09-25T13:30:00+00:00,SPX,2025-09-22,ABORT,ABORTED,6595.12,0.0,84,Aborted on trend-dominant week.,INITIAL,-125.0,-275.0,25.0,150.0,,,,,,,0.0,0.0,-33.056,-33.0,0.056
2025-09-25T13:30:00+00:00,SPX,2025-09-22,ABORT,ABORTED,6595.12,0.0,85,Aborted on trend-dominant week.,INITIAL,0.0,-150.0,150.0,150.0,,,,,,,0.0,0.0,-33.056,-33.0,0.056
2025-09-25T13:30:00+00:00,SPX,2025-09-22,ABORT,ABORTED,6595.12,0.0,86,Aborted on trend-dominant week.,INITIAL,125.0,-25.0,275.0,150.0,,,,,,,0.0,0.0,-33.056,-33.0,0.056
2025-09-25T13:30:00+00:00,SPX,2025-09-22,ABORT,ABORTED,6595.12,0.0,87,Aborted on trend-dominant week.,ADJUSTMENT,6665.0,6515.0,6815.0,150.0,,,,,,,60.8058,60.8618,27.7498,27.8618,0.056
2025-10-03T13:30:00+00:00,SPX,2025-09-29,EXIT_HOLD,EXITED,6730.67,0.0,88,Holding window reached its maximum trading-day length.,INITIAL,-125.0,-275.0,25.0,150.0,,,,,,,0.0,0.0,-33.056,-33.0,0.056
2025-10-03T13:30:00+00:00,SPX,2025-09-29,EXIT_HOLD,EXITED,6730.67,0.0,89,Holding window reached its maximum trading-day length.,INITIAL,0.0,-150.0,150.0,150.0,,,,,,,0.0,0.0,-33.056,-33.0,0.056
2025-10-03T13:30:00+00:00,SPX,2025-09-29,EXIT_HOLD,EXITED,6730.67,0.0,90,Holding window reached its maximum trading-day length.,INITIAL,125.0,-25.0,275.0,150.0,,,,,,,0.0,0.0,-33.056,-33.0,0.056
2025-10-03T13:30:00+00:00,SPX,2025-09-29,EXIT_HOLD,EXITED,6730.67,0.0,91,Holding window reached its maximum trading-day length.,ADJUSTMENT,6675.0,6525.0,6825.0,150.0,,,,,,,67.7782,67.8342,34.7222,34.8342,0.056
2025-10-10T13:30:00+00:00,SPX,2025-10-06,EXIT_HOLD,EXITED,6748.1,0.0,92,Holding window reached its maximum trading-day length.,INITIAL,-125.0,-275.0,25.0,150.0,,,,,,,0.0,0.0,-33.056,-33.0,0.056
2025-10-10T13:30:00+00:00,SPX,2025-10-06,EXIT_HOLD,EXITED,6748.1,0.0,93,Holding window reached its maximum trading-day length.,INITIAL,0.0,-150.0,150.0,150.0,,,,,,,0.0,0.0,-33.056,-33.0,0.056
2025-10-10T13:30:00+00:00,SPX,2025-10-06,EXIT_HOLD,EXITED,6748.1,0.0,94,Holding window reached its maximum trading-day length.,INITIAL,125.0,-25.0,275.0,150.0,,,,,,,0.0,0.0,-33.056,-33.0,0.056
2025-10-10T13:30:00+00:00,SPX,2025-10-06,EXIT_HOLD,EXITED,6748.1,0.0,95,Holding window reached its maximum trading-day length.,ADJUSTMENT,6730.0,6580.0,6880.0,150.0,,,,,,,73.8745,73.9305,40.8185,40.9305,0.056
2025-10-14T13:30:00+00:00,SPX,2025-10-13,ABORT,ABORTED,6580.47,0.0,96,Aborted on trend-dominant week.,INITIAL,-125.0,-275.0,25.0,150.0,,,,,,,0.0,0.0,-33.056,-33.0,0.056
2025-10-14T13:30:00+00:00,SPX,2025-10-13,ABORT,ABORTED,6580.47,0.0,97,Aborted on trend-dominant week.,INITIAL,0.0,-150.0,150.0,150.0,,,,,,,0.0,0.0,-33.056,-33.0,0.056
2025-10-14T13:30:00+00:00,SPX,2025-10-13,ABORT,ABORTED,6580.47,0.0,98,Aborted on trend-dominant week.,INITIAL,125.0,-25.0,275.0,150.0,,,,,,,0.0,0.0,-33.056,-33.0,0.056
2025-10-14T13:30:00+00:00,SPX,2025-10-13,ABORT,ABORTED,6580.47,0.0,99,Aborted on trend-dominant week.,ADJUSTMENT,6640.0,6490.0,6790.0,150.0,,,,,,,52.4277,52.4837,19.3717,19.4837,0.056
2025-10-20T17:30:00+00:00,SPX,2025-10-20,ABORT,ABORTED,6739.03,0.0,100,Aborted on trend-dominant week.,INITIAL,-125.0,-275.0,25.0,150.0,,,,,,,0.0,0.0,-33.056,-33.0,0.056
2025-10-20T17:30:00+00:00,SPX,2025-10-20,ABORT,ABORTED,6739.03,0.0,101,Aborted on trend-dominant week.,INITIAL,0.0,-150.0,150.0,150.0,,,,,,,0.0,0.0,-33.056,-33.0,0.056
2025-10-20T17:30:00+00:00,SPX,2025-10-20,ABORT,ABORTED,6739.03,0.0,102,Aborted on trend-dominant week.,INITIAL,125.0,-25.0,275.0,150.0,,,,,,,0.0,0.0,-33.056,-33.0,0.056
2025-10-20T17:30:00+00:00,SPX,2025-10-20,ABORT,ABORTED,6739.03,0.0,103,Aborted on trend-dominant week.,ADJUSTMENT,6720.0,6570.0,6870.0,150.0,,,,,,,51.2891,51.3451,18.2331,18.3451,0.056
2025-10-27T18:00:00+00:00,SPX,2025-10-27,ABORT,ABORTED,6861.68,0.0,104,Aborted on trend-dominant week.,INITIAL,-125.0,-275.0,25.0,150.0,,,,,,,0.0,0.0,-33.056,-33.0,0.056
2025-10-27T18:00:00+00:00,SPX,2025-10-27,ABORT,ABORTED,6861.68,0.0,105,Aborted on trend-dominant week.,INITIAL,0.0,-150.0,150.0,150.0,,,,,,,0.0,0.0,-33.056,-33.0,0.056
2025-10-27T18:00:00+00:00,SPX,2025-10-27,ABORT,ABORTED,6861.68,0.0,106,Aborted on trend-dominant week.,INITIAL,125.0,-25.0,275.0,150.0,,,,,,,0.0,0.0,-33.056,-33.0,0.056
2025-10-27T18:00:00+00:00,SPX,2025-10-27,ABORT,ABORTED,6861.68,0.0,107,Aborted on trend-dominant week.,ADJUSTMENT,6855.0,6705.0,7005.0,150.0,,,,,,,52.317,52.373,19.261,19.373,0.056
2025-11-04T14:30:00+00:00,SPX,2025-11-03,ABORT,ABORTED,6768.85,0.0,108,Aborted on trend-dominant week.,INITIAL,-125.0,-275.0,25.0,150.0,,,,,,,0.0,0.0,-33.056,-33.0,0.056
2025-11-04T14:30:00+00:00,SPX,2025-11-03,ABORT,ABORTED,6768.85,0.0,109,Aborted on trend-dominant week.,INITIAL,0.0,-150.0,150.0,150.0,,,,,,,0.0,0.0,-33.056,-33.0,0.056
2025-11-04T14:30:00+00:00,SPX,2025-11-03,ABORT,ABORTED,6768.85,0.0,110,Aborted on trend-dominant week.,INITIAL,125.0,-25.0,275.0,150.0,,,,,,,0.0,0.0,-33.056,-33.0,0.056
2025-11-04T14:30:00+00:00,SPX,2025-11-03,ABORT,ABORTED,6768.85,0.0,111,Aborted on trend-dominant week.,ADJUSTMENT,6825.0,6675.0,6975.0,150.0,,,,,,,52.7397,52.7957,19.6837,19.7957,0.056
2025-11-14T14:30:00+00:00,SPX,2025-11-10,EXIT_HOLD,EXITED,6650.83,0.0,112,Holding window reached its maximum trading-day length.,INITIAL,-125.0,-275.0,25.0,150.0,,,,,,,0.0,0.0,-33.056,-33.0,0.056
2025-11-14T14:30:00+00:00,SPX,2025-11-10,EXIT_HOLD,EXITED,6650.83,0.0,113,Holding window reached its maximum trading-day length.,INITIAL,0.0,-150.0,150.0,150.0,,,,,,,0.0,0.0,-33.056,-33.0,0.056
2025-11-14T14:30:00+00:00,SPX,2025-11-10,EXIT_HOLD,EXITED,6650.83,0.0,114,Holding window reached its maximum trading-day length.,INITIAL,125.0,-25.0,275.0,150.0,,,,,,,0.0,0.0,-33.056,-33.0,0.056
2025-11-14T14:30:00+00:00,SPX,2025-11-10,EXIT_HOLD,EXITED,6650.83,0.0,115,Holding window reached its maximum trading-day length.,ADJUSTMENT,6805.0,6655.0,6955.0,150.0,,,,,,,2.2291,2.2851,-30.8269,-30.7149,0.056
2025-11-17T19:00:00+00:00,SPX,2025-11-17,ABORT,ABORTED,6678.22,0.0,116,Aborted on trend-dominant week.,INITIAL,-125.0,-275.0,25.0,150.0,,,,,,,0.0,0.0,-33.056,-33.0,0.056
2025-11-17T19:00:00+00:00,SPX,2025-11-17,ABORT,ABORTED,6678.22,0.0,117,Aborted on trend-dominant week.,INITIAL,0.0,-150.0,150.0,150.0,,,,,,,0.0,0.0,-33.056,-33.0,0.056
2025-11-17T19:00:00+00:00,SPX,2025-11-17,ABORT,ABORTED,6678.22,0.0,118,Aborted on trend-dominant week.,INITIAL,125.0,-25.0,275.0,150.0,,,,,,,0.0,0.0,-33.056,-33.0,0.056
2025-11-17T19:00:00+00:00,SPX,2025-11-17,ABORT,ABORTED,6678.22,0.0,119,Aborted on trend-dominant week.,ADJUSTMENT,6725.0,6575.0,6875.0,150.0,,,,,,,49.3753,49.4313,16.3193,16.4313,0.056
2025-11-25T18:00:00+00:00,SPX,2025-11-24,ABORT,ABORTED,6750.39,0.0,120,Aborted on trend-dominant week.,INITIAL,-125.0,-275.0,25.0,150.0,,,,,,,0.0,0.0,-33.056,-33.0,0.056
2025-11-25T18:00:00+00:00,SPX,2025-11-24,ABORT,ABORTED,6750.39,0.0,121,Aborted on trend-dominant week.,INITIAL,0.0,-150.0,150.0,150.0,,,,,,,0.0,0.0,-33.056,-33.0,0.056
2025-11-25T18:00:00+00:00,SPX,2025-11-24,ABORT,ABORTED,6750.39,0.0,122,Aborted on trend-dominant week.,INITIAL,125.0,-25.0,275.0,150.0,,,,,,,0.0,0.0,-33.056,-33.0,0.056
2025-11-25T18:00:00+00:00,SPX,2025-11-24,ABORT,ABORTED,6750.39,0.0,123,Aborted on trend-dominant week.,ADJUSTMENT,6675.0,6525.0,6825.0,150.0,,,,,,,51.6256,51.6816,18.5696,18.6816,0.056
2025-12-02T17:00:00+00:00,SPX,2025-12-01,ABORT,ABORTED,6824.45,0.0,124,Aborted on trend-dominant week.,INITIAL,-125.0,-275.0,25.0,150.0,,,,,,,0.0,0.0,-33.056,-33.0,0.056
2025-12-02T17:00:00+00:00,SPX,2025-12-01,ABORT,ABORTED,6824.45,0.0,125,Aborted on trend-dominant week.,INITIAL,0.0,-150.0,150.0,150.0,,,,,,,0.0,0.0,-33.056,-33.0,0.056
2025-12-02T17:00:00+00:00,SPX,2025-12-01,ABORT,ABORTED,6824.45,0.0,126,Aborted on trend-dominant week.,INITIAL,125.0,-25.0,275.0,150.0,,,,,,,0.0,0.0,-33.056,-33.0,0.056
2025-12-12T14:30:00+00:00,SPX,2025-12-08,EXIT_HOLD,EXITED,6895.42,0.0,127,Holding window reached its maximum trading-day length.,INITIAL,-125.0,-275.0,25.0,150.0,,,,,,,0.0,0.0,-33.056,-33.0,0.056
2025-12-12T14:30:00+00:00,SPX,2025-12-08,EXIT_HOLD,EXITED,6895.42,0.0,128,Holding window reached its maximum trading-day length.,INITIAL,0.0,-150.0,150.0,150.0,,,,,,,0.0,0.0,-33.056,-33.0,0.056
2025-12-12T14:30:00+00:00,SPX,2025-12-08,EXIT_HOLD,EXITED,6895.42,0.0,129,Holding window reached its maximum trading-day length.,INITIAL,125.0,-25.0,275.0,150.0,,,,,,,0.0,0.0,-33.056,-33.0,0.056
2025-12-12T14:30:00+00:00,SPX,2025-12-08,EXIT_HOLD,EXITED,6895.42,0.0,130,Holding window reached its maximum trading-day length.,ADJUSTMENT,6860.0,6710.0,7010.0,150.0,,,,,,,71.0641,71.1201,38.0081,38.1201,0.056
2025-12-17T17:00:00+00:00,SPX,2025-12-15,ABORT,ABORTED,6741.04,0.0,131,Aborted on trend-dominant week.,INITIAL,-125.0,-275.0,25.0,150.0,,,,,,,0.0,0.0,-33.056,-33.0,0.056
2025-12-17T17:00:00+00:00,SPX,2025-12-15,ABORT,ABORTED,6741.04,0.0,132,Aborted on trend-dominant week.,INITIAL,0.0,-150.0,150.0,150.0,,,,,,,0.0,0.0,-33.056,-33.0,0.056
2025-12-17T17:00:00+00:00,SPX,2025-12-15,ABORT,ABORTED,6741.04,0.0,133,Aborted on trend-dominant week.,INITIAL,125.0,-25.0,275.0,150.0,,,,,,,0.0,0.0,-33.056,-33.0,0.056
2025-12-17T17:00:00+00:00,SPX,2025-12-15,ABORT,ABORTED,6741.04,0.0,134,Aborted on trend-dominant week.,ADJUSTMENT,6820.0,6670.0,6970.0,150.0,,,,,,,55.5532,55.6092,22.4972,22.6092,0.056
2025-12-23T20:00:00+00:00,SPX,2025-12-22,ABORT,ABORTED,6908.23,0.0,135,Aborted on trend-dominant week.,INITIAL,-125.0,-275.0,25.0,150.0,,,,,,,0.0,0.0,-33.056,-33.0,0.056
2025-12-23T20:00:00+00:00,SPX,2025-12-22,ABORT,ABORTED,6908.23,0.0,136,Aborted on trend-dominant week.,INITIAL,0.0,-150.0,150.0,150.0,,,,,,,0.0,0.0,-33.056,-33.0,0.056
2025-12-23T20:00:00+00:00,SPX,2025-12-22,ABORT,ABORTED,6908.23,0.0,137,Aborted on trend-dominant week.,INITIAL,125.0,-25.0,275.0,150.0,,,,,,,0.0,0.0,-33.056,-33.0,0.056
2025-12-23T20:00:00+00:00,SPX,2025-12-22,ABORT,ABORTED,6908.23,0.0,138,Aborted on trend-dominant week.,ADJUSTMENT,6865.0,6715.0,7015.0,150.0,,,,,,,55.1442,55.2002,22.0882,22.2002,0.056
2026-01-02T14:30:00+00:00,SPX,2025-12-29,EXIT_HOLD,EXITED,6874.77,0.0,139,Holding window reached its maximum trading-day length.,INITIAL,-125.0,-275.0,25.0,150.0,,,,,,,0.0,0.0,-33.056,-33.0,0.056
2026-01-02T14:30:00+00:00,SPX,2025-12-29,EXIT_HOLD,EXITED,6874.77,0.0,140,Holding window reached its maximum trading-day length.,INITIAL,0.0,-150.0,150.0,150.0,,,,,,,0.0,0.0,-33.056,-33.0,0.056
2026-01-02T14:30:00+00:00,SPX,2025-12-29,EXIT_HOLD,EXITED,6874.77,0.0,141,Holding window reached its maximum trading-day length.,INITIAL,125.0,-25.0,275.0,150.0,,,,,,,0.0,0.0,-33.056,-33.0,0.056
2026-01-02T14:30:00+00:00,SPX,2025-12-29,EXIT_HOLD,EXITED,6874.77,0.0,142,Holding window reached its maximum trading-day length.,ADJUSTMENT,6910.0,6760.0,7060.0,150.0,,,,,,,71.0949,71.1509,38.0389,38.1509,0.056
2026-01-09T14:30:00+00:00,SPX,2026-01-05,EXIT_HOLD,EXITED,6935.7,0.0,143,Holding window reached its maximum trading-day length.,INITIAL,-125.0,-275.0,25.0,150.0,,,,,,,0.0,0.0,-33.056,-33.0,0.056
2026-01-09T14:30:00+00:00,SPX,2026-01-05,EXIT_HOLD,EXITED,6935.7,0.0,144,Holding window reached its maximum trading-day length.,INITIAL,0.0,-150.0,150.0,150.0,,,,,,,0.0,0.0,-33.056,-33.0,0.056
2026-01-09T14:30:00+00:00,SPX,2026-01-05,EXIT_HOLD,EXITED,6935.7,0.0,145,Holding window reached its maximum trading-day length.,INITIAL,125.0,-25.0,275.0,150.0,,,,,,,0.0,0.0,-33.056,-33.0,0.056
2026-01-09T14:30:00+00:00,SPX,2026-01-05,EXIT_HOLD,EXITED,6935.7,0.0,146,Holding window reached its maximum trading-day length.,ADJUSTMENT,6915.0,6765.0,7065.0,150.0,,,,,,,73.4526,73.5086,40.3966,40.5086,0.056
2026-01-16T14:30:00+00:00,SPX,2026-01-12,EXIT_HOLD,EXITED,6963.66,0.0,147,Holding window reached its maximum trading-day length.,INITIAL,-125.0,-275.0,25.0,150.0,,,,,,,0.0,0.0,-33.056,-33.0,0.056
2026-01-16T14:30:00+00:00,SPX,2026-01-12,EXIT_HOLD,EXITED,6963.66,0.0,148,Holding window reached its maximum trading-day length.,INITIAL,0.0,-150.0,150.0,150.0,,,,,,,0.0,0.0,-33.056,-33.0,0.056
2026-01-16T14:30:00+00:00,SPX,2026-01-12,EXIT_HOLD,EXITED,6963.66,0.0,149,Holding window reached its maximum trading-day length.,INITIAL,125.0,-25.0,275.0,150.0,,,,,,,0.0,0.0,-33.056,-33.0,0.056
2026-01-16T14:30:00+00:00,SPX,2026-01-12,EXIT_HOLD,EXITED,6963.66,0.0,150,Holding window reached its maximum trading-day length.,ADJUSTMENT,6955.0,6805.0,7105.0,150.0,,,,,,,75.4063,75.4623,42.3503,42.4623,0.056
2026-01-20T17:30:00+00:00,SPX,2026-01-19,ABORT,ABORTED,6839.94,0.0,151,Aborted on trend-dominant week.,INITIAL,-125.0,-275.0,25.0,150.0,,,,,,,0.0,0.0,-33.056,-33.0,0.056
2026-01-20T17:30:00+00:00,SPX,2026-01-19,ABORT,ABORTED,6839.94,0.0,152,Aborted on trend-dominant week.,INITIAL,0.0,-150.0,150.0,150.0,,,,,,,0.0,0.0,-33.056,-33.0,0.056
2026-01-20T17:30:00+00:00,SPX,2026-01-19,ABORT,ABORTED,6839.94,0.0,153,Aborted on trend-dominant week.,INITIAL,125.0,-25.0,275.0,150.0,,,,,,,0.0,0.0,-33.056,-33.0,0.056
2026-01-20T17:30:00+00:00,SPX,2026-01-19,ABORT,ABORTED,6839.94,0.0,154,Aborted on trend-dominant week.,ADJUSTMENT,6870.0,6720.0,7020.0,150.0,,,,,,,50.2521,50.3081,17.1961,17.3081,0.056
2026-01-27T15:00:00+00:00,SPX,2026-01-26,ABORT,ABORTED,6975.23,0.0,155,Aborted on trend-dominant week.,INITIAL,-125.0,-275.0,25.0,150.0,,,,,,,0.0,0.0,-33.056,-33.0,0.056
2026-01-27T15:00:00+00:00,SPX,2026-01-26,ABORT,ABORTED,6975.23,0.0,156,Aborted on trend-dominant week.,INITIAL,0.0,-150.0,150.0,150.0,,,,,,,0.0,0.0,-33.056,-33.0,0.056
2026-01-27T15:00:00+00:00,SPX,2026-01-26,ABORT,ABORTED,6975.23,0.0,157,Aborted on trend-dominant week.,INITIAL,125.0,-25.0,275.0,150.0,,,,,,,0.0,0.0,-33.056,-33.0,0.056
2026-01-27T15:00:00+00:00,SPX,2026-01-26,ABORT,ABORTED,6975.23,0.0,158,Aborted on trend-dominant week.,ADJUSTMENT,6950.0,6800.0,7100.0,150.0,,,,,,,55.7127,55.7687,22.6567,22.7687,0.056
2026-02-05T15:30:00+00:00,SPX,2026-02-02,ABORT,ABORTED,6781.67,0.0,159,Aborted on trend-dominant week.,INITIAL,-125.0,-275.0,25.0,150.0,,,,,,,0.0,0.0,-33.056,-33.0,0.056
2026-02-05T15:30:00+00:00,SPX,2026-02-02,ABORT,ABORTED,6781.67,0.0,160,Aborted on trend-dominant week.,INITIAL,0.0,-150.0,150.0,150.0,,,,,,,0.0,0.0,-33.056,-33.0,0.056
2026-02-05T15:30:00+00:00,SPX,2026-02-02,ABORT,ABORTED,6781.67,0.0,161,Aborted on trend-dominant week.,INITIAL,125.0,-25.0,275.0,150.0,,,,,,,0.0,0.0,-33.056,-33.0,0.056
2026-02-05T15:30:00+00:00,SPX,2026-02-02,ABORT,ABORTED,6781.67,0.0,162,Aborted on trend-dominant week.,ADJUSTMENT,6975.0,6825.0,7125.0,150.0,,,,,,,0.6629,0.7189,-32.3931,-32.2811,0.056
2026-02-11T19:30:00+00:00,SPX,2026-02-09,ABORT,ABORTED,6957.19,0.0,163,Aborted on trend-dominant week.,INITIAL,-125.0,-275.0,25.0,150.0,,,,,,,0.0,0.0,-33.056,-33.0,0.056
2026-02-11T19:30:00+00:00,SPX,2026-02-09,ABORT,ABORTED,6957.19,0.0,164,Aborted on trend-dominant week.,INITIAL,0.0,-150.0,150.0,150.0,,,,,,,0.0,0.0,-33.056,-33.0,0.056
2026-02-11T19:30:00+00:00,SPX,2026-02-09,ABORT,ABORTED,6957.19,0.0,165,Aborted on trend-dominant week.,INITIAL,125.0,-25.0,275.0,150.0,,,,,,,0.0,0.0,-33.056,-33.0,0.056
2026-02-11T19:30:00+00:00,SPX,2026-02-09,ABORT,ABORTED,6957.19,0.0,166,Aborted on trend-dominant week.,ADJUSTMENT,6955.0,6805.0,7105.0,150.0,,,,,,,65.2669,65.3229,32.2109,32.3229,0.056
2026-02-20T20:00:00+00:00,SPX,2026-02-16,EXIT_WEEK,EXITED,6902.63,0.0,167,Forced weekly exit window reached.,INITIAL,-125.0,-275.0,25.0,150.0,,,,,,,0.0,0.0,-33.056,-33.0,0.056
2026-02-20T20:00:00+00:00,SPX,2026-02-16,EXIT_WEEK,EXITED,6902.63,0.0,168,Forced weekly exit window reached.,INITIAL,0.0,-150.0,150.0,150.0,,,,,,,0.0,0.0,-33.056,-33.0,0.056
2026-02-20T20:00:00+00:00,SPX,2026-02-16,EXIT_WEEK,EXITED,6902.63,0.0,169,Forced weekly exit window reached.,INITIAL,125.0,-25.0,275.0,150.0,,,,,,,0.0,0.0,-33.056,-33.0,0.056
2026-02-20T20:00:00+00:00,SPX,2026-02-16,EXIT_WEEK,EXITED,6902.63,0.0,170,Forced weekly exit window reached.,ADJUSTMENT,6825.0,6675.0,6975.0,150.0,,,,,,,60.2897,60.3457,27.2337,27.3457,0.056
2026-02-27T14:30:00+00:00,SPX,2026-02-23,EXIT_HOLD,EXITED,6852.52,0.0,171,Holding window reached its maximum trading-day length.,INITIAL,-125.0,-275.0,25.0,150.0,,,,,,,0.0,0.0,-33.056,-33.0,0.056
2026-02-27T14:30:00+00:00,SPX,2026-02-23,EXIT_HOLD,EXITED,6852.52,0.0,172,Holding window reached its maximum trading-day length.,INITIAL,0.0,-150.0,150.0,150.0,,,,,,,0.0,0.0,-33.056,-33.0,0.056
2026-02-27T14:30:00+00:00,SPX,2026-02-23,EXIT_HOLD,EXITED,6852.52,0.0,173,Holding window reached its maximum trading-day length.,INITIAL,125.0,-25.0,275.0,150.0,,,,,,,0.0,0.0,-33.056,-33.0,0.056
2026-02-27T14:30:00+00:00,SPX,2026-02-23,EXIT_HOLD,EXITED,6852.52,0.0,174,Holding window reached its maximum trading-day length.,ADJUSTMENT,6855.0,6705.0,7005.0,150.0,,,,,,,76.4091,76.4651,43.3531,43.4651,0.056
2026-03-03T14:30:00+00:00,SPX,2026-03-02,ABORT,ABORTED,6759.52,0.0,175,Aborted on trend-dominant week.,INITIAL,-125.0,-275.0,25.0,150.0,,,,,,,0.0,0.0,-33.056,-33.0,0.056
2026-03-03T14:30:00+00:00,SPX,2026-03-02,ABORT,ABORTED,6759.52,0.0,176,Aborted on trend-dominant week.,INITIAL,0.0,-150.0,150.0,150.0,,,,,,,0.0,0.0,-33.056,-33.0,0.056
2026-03-03T14:30:00+00:00,SPX,2026-03-02,ABORT,ABORTED,6759.52,0.0,177,Aborted on trend-dominant week.,INITIAL,125.0,-25.0,275.0,150.0,,,,,,,0.0,0.0,-33.056,-33.0,0.056
2026-03-03T14:30:00+00:00,SPX,2026-03-02,ABORT,ABORTED,6759.52,0.0,178,Aborted on trend-dominant week.,ADJUSTMENT,6845.0,6695.0,6995.0,150.0,,,,,,,50.0324,50.0884,16.9764,17.0884,0.056
2026-03-11T16:00:00+00:00,SPX,2026-03-09,ABORT,ABORTED,6747.87,0.0,179,Aborted on trend-dominant week.,INITIAL,-125.0,-275.0,25.0,150.0,,,,,,,0.0,0.0,-33.056,-33.0,0.056
2026-03-11T16:00:00+00:00,SPX,2026-03-09,ABORT,ABORTED,6747.87,0.0,180,Aborted on trend-dominant week.,INITIAL,0.0,-150.0,150.0,150.0,,,,,,,0.0,0.0,-33.056,-33.0,0.056
2026-03-11T16:00:00+00:00,SPX,2026-03-09,ABORT,ABORTED,6747.87,0.0,181,Aborted on trend-dominant week.,INITIAL,125.0,-25.0,275.0,150.0,,,,,,,0.0,0.0,-33.056,-33.0,0.056
2026-03-11T16:00:00+00:00,SPX,2026-03-09,ABORT,ABORTED,6747.87,0.0,182,Aborted on trend-dominant week.,ADJUSTMENT,6705.0,6555.0,6855.0,150.0,,,,,,,59.0414,59.0974,25.9854,26.0974,0.056
2026-03-19T13:30:00+00:00,SPX,2026-03-16,ABORT,ABORTED,6567.98,0.0,183,Aborted on trend-dominant week.,INITIAL,-125.0,-275.0,25.0,150.0,,,,,,,0.0,0.0,-33.056,-33.0,0.056
2026-03-19T13:30:00+00:00,SPX,2026-03-16,ABORT,ABORTED,6567.98,0.0,184,Aborted on trend-dominant week.,INITIAL,0.0,-150.0,150.0,150.0,,,,,,,0.0,0.0,-33.056,-33.0,0.056
2026-03-19T13:30:00+00:00,SPX,2026-03-16,ABORT,ABORTED,6567.98,0.0,185,Aborted on trend-dominant week.,INITIAL,125.0,-25.0,275.0,150.0,,,,,,,0.0,0.0,-33.056,-33.0,0.056
2026-03-19T13:30:00+00:00,SPX,2026-03-16,ABORT,ABORTED,6567.98,0.0,186,Aborted on trend-dominant week.,ADJUSTMENT,6700.0,6550.0,6850.0,150.0,,,,,,,52.1717,52.2277,19.1157,19.2277,0.056
2026-03-23T17:30:00+00:00,SPX,2026-03-23,ABORT,ABORTED,6596.88,0.0,187,Aborted on trend-dominant week.,INITIAL,-125.0,-275.0,25.0,150.0,,,,,,,0.0,0.0,-33.056,-33.0,0.056
2026-03-23T17:30:00+00:00,SPX,2026-03-23,ABORT,ABORTED,6596.88,0.0,188,Aborted on trend-dominant week.,INITIAL,0.0,-150.0,150.0,150.0,,,,,,,0.0,0.0,-33.056,-33.0,0.056
2026-03-23T17:30:00+00:00,SPX,2026-03-23,ABORT,ABORTED,6596.88,0.0,189,Aborted on trend-dominant week.,INITIAL,125.0,-25.0,275.0,150.0,,,,,,,0.0,0.0,-33.056,-33.0,0.056
2026-03-23T17:30:00+00:00,SPX,2026-03-23,ABORT,ABORTED,6596.88,0.0,190,Aborted on trend-dominant week.,ADJUSTMENT,6635.0,6485.0,6785.0,150.0,,,,,,,49.8979,49.9539,16.8419,16.9539,0.056
