timestamp,symbol,week_key,action,state,price,center_price,layer_id,detail,kind,body_strike,lower_strike,upper_strike,width,dte,entry_cost,entry_debit,entry_friction_cost,gross_deployment,close_value,gross_close_value,realized_pnl,gross_realized_pnl,close_friction_cost,adjustments_this_week
2025-05-06T15:30:00+00:00,SPX,2025-05-05,ABORT,ABORTED,5635.67,0.0,1,Aborted on trend-dominant week.,INITIAL,-75.0,-175.0,25.0,100.0,,,,,,0.0,0.0,-22.056,-22.0,0.056,
2025-05-06T15:30:00+00:00,SPX,2025-05-05,ABORT,ABORTED,5635.67,0.0,2,Aborted on trend-dominant week.,INITIAL,0.0,-100.0,100.0,100.0,,,,,,0.0,0.0,-22.056,-22.0,0.056,
2025-05-06T15:30:00+00:00,SPX,2025-05-05,ABORT,ABORTED,5635.67,0.0,3,Aborted on trend-dominant week.,INITIAL,75.0,-25.0,175.0,100.0,,,,,,0.0,0.0,-22.056,-22.0,0.056,
2025-05-19T20:00:00+00:00,SPX,2025-05-19,ABORT,ABORTED,5964.16,0.0,4,Aborted on trend-dominant week.,INITIAL,-75.0,-175.0,25.0,100.0,,,,,,0.0,0.0,-22.056,-22.0,0.056,
2025-05-19T20:00:00+00:00,SPX,2025-05-19,ABORT,ABORTED,5964.16,0.0,5,Aborted on trend-dominant week.,INITIAL,0.0,-100.0,100.0,100.0,,,,,,0.0,0.0,-22.056,-22.0,0.056,
2025-05-19T20:00:00+00:00,SPX,2025-05-19,ABORT,ABORTED,5964.16,0.0,6,Aborted on trend-dominant week.,INITIAL,75.0,-25.0,175.0,100.0,,,,,,0.0,0.0,-22.056,-22.0,0.056,
2025-05-19T20:00:00+00:00,SPX,2025-05-19,ABORT,ABORTED,5964.16,0.0,7,Aborted on trend-dominant week.,ADJUSTMENT,5955.0,5855.0,6055.0,100.0,,,,,,34.1141,34.1701,12.0581,12.1701,0.056,
2025-05-29T17:30:00+00:00,SPX,2025-05-26,ABORT,ABORTED,5905.35,0.0,8,Aborted on trend-dominant week.,INITIAL,-75.0,-175.0,25.0,100.0,,,,,,0.0,0.0,-22.056,-22.0,0.056,
2025-05-29T17:30:00+00:00,SPX,2025-05-26,ABORT,ABORTED,5905.35,0.0,9,Aborted on trend-dominant week.,INITIAL,0.0,-100.0,100.0,100.0,,,,,,0.0,0.0,-22.056,-22.0,0.056,
2025-05-29T17:30:00+00:00,SPX,2025-05-26,ABORT,ABORTED,5905.35,0.0,10,Aborted on trend-dominant week.,INITIAL,75.0,-25.0,175.0,100.0,,,,,,0.0,0.0,-22.056,-22.0,0.056,
2025-05-29T17:30:00+00:00,SPX,2025-05-26,ABORT,ABORTED,5905.35,0.0,11,Aborted on trend-dominant week.,ADJUSTMENT,5900.0,5800.0,6000.0,100.0,,,,,,42.697,42.753,20.641,20.753,0.056,
2025-06-02T14:30:00+00:00,SPX,2025-06-02,ABORT,ABORTED,5903.14,0.0,12,Aborted on trend-dominant week.,INITIAL,-75.0,-175.0,25.0,100.0,,,,,,0.0,0.0,-22.056,-22.0,0.056,
2025-06-02T14:30:00+00:00,SPX,2025-06-02,ABORT,ABORTED,5903.14,0.0,13,Aborted on trend-dominant week.,INITIAL,0.0,-100.0,100.0,100.0,,,,,,0.0,0.0,-22.056,-22.0,0.056,
2025-06-02T14:30:00+00:00,SPX,2025-06-02,ABORT,ABORTED,5903.14,0.0,14,Aborted on trend-dominant week.,INITIAL,75.0,-25.0,175.0,100.0,,,,,,0.0,0.0,-22.056,-22.0,0.056,
2025-06-11T14:30:00+00:00,SPX,2025-06-09,ABORT,ABORTED,6056.74,0.0,15,Aborted on trend-dominant week.,INITIAL,-75.0,-175.0,25.0,100.0,,,,,,0.0,0.0,-22.056,-22.0,0.056,
2025-06-11T14:30:00+00:00,SPX,2025-06-09,ABORT,ABORTED,6056.74,0.0,16,Aborted on trend-dominant week.,INITIAL,0.0,-100.0,100.0,100.0,,,,,,0.0,0.0,-22.056,-22.0,0.056,
2025-06-11T14:30:00+00:00,SPX,2025-06-09,ABORT,ABORTED,6056.74,0.0,17,Aborted on trend-dominant week.,INITIAL,75.0,-25.0,175.0,100.0,,,,,,0.0,0.0,-22.056,-22.0,0.056,
2025-06-11T14:30:00+00:00,SPX,2025-06-09,ABORT,ABORTED,6056.74,0.0,18,Aborted on trend-dominant week.,ADJUSTMENT,6015.0,5915.0,6115.0,100.0,,,,,,37.4445,37.5005,15.3885,15.5005,0.056,
2025-06-17T19:00:00+00:00,SPX,2025-06-16,ABORT,ABORTED,5982.73,0.0,19,Aborted on trend-dominant week.,INITIAL,-75.0,-175.0,25.0,100.0,,,,,,0.0,0.0,-22.056,-22.0,0.056,
2025-06-17T19:00:00+00:00,SPX,2025-06-16,ABORT,ABORTED,5982.73,0.0,20,Aborted on trend-dominant week.,INITIAL,0.0,-100.0,100.0,100.0,,,,,,0.0,0.0,-22.056,-22.0,0.056,
2025-06-17T19:00:00+00:00,SPX,2025-06-16,ABORT,ABORTED,5982.73,0.0,21,Aborted on trend-dominant week.,INITIAL,75.0,-25.0,175.0,100.0,,,,,,0.0,0.0,-22.056,-22.0,0.056,
2025-06-17T19:00:00+00:00,SPX,2025-06-16,ABORT,ABORTED,5982.73,0.0,22,Aborted on trend-dominant week.,ADJUSTMENT,6050.0,5950.0,6150.0,100.0,,,,,,33.0049,33.0609,10.9489,11.0609,0.056,
2025-06-24T13:30:00+00:00,SPX,2025-06-23,ABORT,ABORTED,6068.27,0.0,23,Aborted on trend-dominant week.,INITIAL,-75.0,-175.0,25.0,100.0,,,,,,0.0,0.0,-22.056,-22.0,0.056,
2025-06-24T13:30:00+00:00,SPX,2025-06-23,ABORT,ABORTED,6068.27,0.0,24,Aborted on trend-dominant week.,INITIAL,0.0,-100.0,100.0,100.0,,,,,,0.0,0.0,-22.056,-22.0,0.056,
2025-06-24T13:30:00+00:00,SPX,2025-06-23,ABORT,ABORTED,6068.27,0.0,25,Aborted on trend-dominant week.,INITIAL,75.0,-25.0,175.0,100.0,,,,,,0.0,0.0,-22.056,-22.0,0.056,
2025-06-24T13:30:00+00:00,SPX,2025-06-23,ABORT,ABORTED,6068.27,0.0,26,Aborted on trend-dominant week.,ADJUSTMENT,6000.0,5900.0,6100.0,100.0,,,,,,32.3103,32.3663,10.2543,10.3663,0.056,
2025-07-07T19:00:00+00:00,SPX,2025-07-07,ABORT,ABORTED,6220.87,0.0,27,Aborted on trend-dominant week.,INITIAL,-75.0,-175.0,25.0,100.0,,,,,,0.0,0.0,-22.056,-22.0,0.056,
2025-07-07T19:00:00+00:00,SPX,2025-07-07,ABORT,ABORTED,6220.87,0.0,28,Aborted on trend-dominant week.,INITIAL,0.0,-100.0,100.0,100.0,,,,,,0.0,0.0,-22.056,-22.0,0.056,
2025-07-07T19:00:00+00:00,SPX,2025-07-07,ABORT,ABORTED,6220.87,0.0,29,Aborted on trend-dominant week.,INITIAL,75.0,-25.0,175.0,100.0,,,,,,0.0,0.0,-22.056,-22.0,0.056,
2025-07-07T19:00:00+00:00,SPX,2025-07-07,ABORT,ABORTED,6220.87,0.0,30,Aborted on trend-dominant week.,ADJUSTMENT,6240.0,6140.0,6340.0,100.0,,,,,,33.7978,33.8538,11.7418,11.8538,0.056,
2025-07-18T19:00:00+00:00,SPX,2025-07-14,EXIT_WEEK,EXITED,6291.6,0.0,31,Forced weekly exit window reached.,INITIAL,-75.0,-175.0,25.0,100.0,,,,,,0.0,0.0,-22.056,-22.0,0.056,
2025-07-18T19:00:00+00:00,SPX,2025-07-14,EXIT_WEEK,EXITED,6291.6,0.0,32,Forced weekly exit window reached.,INITIAL,0.0,-100.0,100.0,100.0,,,,,,0.0,0.0,-22.056,-22.0,0.056,
2025-07-18T19:00:00+00:00,SPX,2025-07-14,EXIT_WEEK,EXITED,6291.6,0.0,33,Forced weekly exit window reached.,INITIAL,75.0,-25.0,175.0,100.0,,,,,,0.0,0.0,-22.056,-22.0,0.056,
2025-07-18T19:00:00+00:00,SPX,2025-07-14,EXIT_WEEK,EXITED,6291.6,0.0,34,Forced weekly exit window reached.,ADJUSTMENT,6245.0,6145.0,6345.0,100.0,,,,,,44.3524,44.4084,22.2964,22.4084,0.056,
2025-07-22T19:30:00+00:00,SPX,2025-07-21,ABORT,ABORTED,6312.88,0.0,35,Aborted on trend-dominant week.,INITIAL,-75.0,-175.0,25.0,100.0,,,,,,0.0,0.0,-22.056,-22.0,0.056,
2025-07-22T19:30:00+00:00,SPX,2025-07-21,ABORT,ABORTED,6312.88,0.0,36,Aborted on trend-dominant week.,INITIAL,0.0,-100.0,100.0,100.0,,,,,,0.0,0.0,-22.056,-22.0,0.056,
2025-07-22T19:30:00+00:00,SPX,2025-07-21,ABORT,ABORTED,6312.88,0.0,37,Aborted on trend-dominant week.,INITIAL,75.0,-25.0,175.0,100.0,,,,,,0.0,0.0,-22.056,-22.0,0.056,
2025-07-22T19:30:00+00:00,SPX,2025-07-21,ABORT,ABORTED,6312.88,0.0,38,Aborted on trend-dominant week.,ADJUSTMENT,6330.0,6230.0,6430.0,100.0,,,,,,37.9797,38.0357,15.9237,16.0357,0.056,
2025-07-28T16:30:00+00:00,SPX,2025-07-28,ABORT,ABORTED,6392.32,0.0,39,Aborted on trend-dominant week.,INITIAL,-75.0,-175.0,25.0,100.0,,,,,,0.0,0.0,-22.056,-22.0,0.056,
2025-07-28T16:30:00+00:00,SPX,2025-07-28,ABORT,ABORTED,6392.32,0.0,40,Aborted on trend-dominant week.,INITIAL,0.0,-100.0,100.0,100.0,,,,,,0.0,0.0,-22.056,-22.0,0.056,
2025-07-28T16:30:00+00:00,SPX,2025-07-28,ABORT,ABORTED,6392.32,0.0,41,Aborted on trend-dominant week.,INITIAL,75.0,-25.0,175.0,100.0,,,,,,0.0,0.0,-22.056,-22.0,0.056,
2025-07-28T16:30:00+00:00,SPX,2025-07-28,ABORT,ABORTED,6392.32,0.0,42,Aborted on trend-dominant week.,ADJUSTMENT,6395.0,6295.0,6495.0,100.0,,,,,,34.7458,34.8018,12.6898,12.8018,0.056,
2025-08-04T17:30:00+00:00,SPX,2025-08-04,ABORT,ABORTED,6323.02,0.0,43,Aborted on trend-dominant week.,INITIAL,-75.0,-175.0,25.0,100.0,,,,,,0.0,0.0,-22.056,-22.0,0.056,
2025-08-04T17:30:00+00:00,SPX,2025-08-04,ABORT,ABORTED,6323.02,0.0,44,Aborted on trend-dominant week.,INITIAL,0.0,-100.0,100.0,100.0,,,,,,0.0,0.0,-22.056,-22.0,0.056,
2025-08-04T17:30:00+00:00,SPX,2025-08-04,ABORT,ABORTED,6323.02,0.0,45,Aborted on trend-dominant week.,INITIAL,75.0,-25.0,175.0,100.0,,,,,,0.0,0.0,-22.056,-22.0,0.056,
2025-08-04T17:30:00+00:00,SPX,2025-08-04,ABORT,ABORTED,6323.02,0.0,46,Aborted on trend-dominant week.,ADJUSTMENT,6310.0,6210.0,6410.0,100.0,,,,,,34.0837,34.1397,12.0277,12.1397,0.056,
2025-08-11T16:00:00+00:00,SPX,2025-08-11,ABORT,ABORTED,6397.41,0.0,47,Aborted on trend-dominant week.,INITIAL,-75.0,-175.0,25.0,100.0,,,,,,0.0,0.0,-22.056,-22.0,0.056,
2025-08-11T16:00:00+00:00,SPX,2025-08-11,ABORT,ABORTED,6397.41,0.0,48,Aborted on trend-dominant week.,INITIAL,0.0,-100.0,100.0,100.0,,,,,,0.0,0.0,-22.056,-22.0,0.056,
2025-08-11T16:00:00+00:00,SPX,2025-08-11,ABORT,ABORTED,6397.41,0.0,49,Aborted on trend-dominant week.,INITIAL,75.0,-25.0,175.0,100.0,,,,,,0.0,0.0,-22.056,-22.0,0.056,
2025-08-11T16:00:00+00:00,SPX,2025-08-11,ABORT,ABORTED,6397.41,0.0,50,Aborted on trend-dominant week.,ADJUSTMENT,6390.0,6290.0,6490.0,100.0,,,,,,34.322,34.378,12.266,12.378,0.056,
2025-08-20T14:00:00+00:00,SPX,2025-08-18,ABORT,ABORTED,6370.36,0.0,51,Aborted on trend-dominant week.,INITIAL,-75.0,-175.0,25.0,100.0,,,,,,0.0,0.0,-22.056,-22.0,0.056,
2025-08-20T14:00:00+00:00,SPX,2025-08-18,ABORT,ABORTED,6370.36,0.0,52,Aborted on trend-dominant week.,INITIAL,0.0,-100.0,100.0,100.0,,,,,,0.0,0.0,-22.056,-22.0,0.056,
2025-08-20T14:00:00+00:00,SPX,2025-08-18,ABORT,ABORTED,6370.36,0.0,53,Aborted on trend-dominant week.,INITIAL,75.0,-25.0,175.0,100.0,,,,,,0.0,0.0,-22.056,-22.0,0.056,
2025-08-20T14:00:00+00:00,SPX,2025-08-18,ABORT,ABORTED,6370.36,0.0,54,Aborted on trend-dominant week.,ADJUSTMENT,6450.0,6350.0,6550.0,100.0,,,,,,33.6495,33.7055,11.5935,11.7055,0.056,
2025-08-26T18:30:00+00:00,SPX,2025-08-25,ABORT,ABORTED,6449.77,0.0,55,Aborted on trend-dominant week.,INITIAL,-75.0,-175.0,25.0,100.0,,,,,,0.0,0.0,-22.056,-22.0,0.056,
2025-08-26T18:30:00+00:00,SPX,2025-08-25,ABORT,ABORTED,6449.77,0.0,56,Aborted on trend-dominant week.,INITIAL,0.0,-100.0,100.0,100.0,,,,,,0.0,0.0,-22.056,-22.0,0.056,
2025-08-26T18:30:00+00:00,SPX,2025-08-25,ABORT,ABORTED,6449.77,0.0,57,Aborted on trend-dominant week.,INITIAL,75.0,-25.0,175.0,100.0,,,,,,0.0,0.0,-22.056,-22.0,0.056,
2025-08-26T18:30:00+00:00,SPX,2025-08-25,ABORT,ABORTED,6449.77,0.0,58,Aborted on trend-dominant week.,ADJUSTMENT,6455.0,6355.0,6555.0,100.0,,,,,,38.9764,39.0324,16.9204,17.0324,0.056,
2025-09-02T15:30:00+00:00,SPX,2025-09-01,ABORT,ABORTED,6374.2,0.0,59,Aborted on trend-dominant week.,INITIAL,-75.0,-175.0,25.0,100.0,,,,,,0.0,0.0,-22.056,-22.0,0.056,
2025-09-02T15:30:00+00:00,SPX,2025-09-01,ABORT,ABORTED,6374.2,0.0,60,Aborted on trend-dominant week.,INITIAL,0.0,-100.0,100.0,100.0,,,,,,0.0,0.0,-22.056,-22.0,0.056,
2025-09-02T15:30:00+00:00,SPX,2025-09-01,ABORT,ABORTED,6374.2,0.0,61,Aborted on trend-dominant week.,INITIAL,75.0,-25.0,175.0,100.0,,,,,,0.0,0.0,-22.056,-22.0,0.056,
2025-09-02T15:30:00+00:00,SPX,2025-09-01,ABORT,ABORTED,6374.2,0.0,62,Aborted on trend-dominant week.,ADJUSTMENT,6405.0,6305.0,6505.0,100.0,,,,,,32.5796,32.6356,10.5236,10.6356,0.056,
2025-09-08T17:30:00+00:00,SPX,2025-09-08,ABORT,ABORTED,6495.45,0.0,63,Aborted on trend-dominant week.,INITIAL,-75.0,-175.0,25.0,100.0,,,,,,0.0,0.0,-22.056,-22.0,0.056,
2025-09-08T17:30:00+00:00,SPX,2025-09-08,ABORT,ABORTED,6495.45,0.0,64,Aborted on trend-dominant week.,INITIAL,0.0,-100.0,100.0,100.0,,,,,,0.0,0.0,-22.056,-22.0,0.056,
2025-09-08T17:30:00+00:00,SPX,2025-09-08,ABORT,ABORTED,6495.45,0.0,65,Aborted on trend-dominant week.,INITIAL,75.0,-25.0,175.0,100.0,,,,,,0.0,0.0,-22.056,-22.0,0.056,
2025-09-08T17:30:00+00:00,SPX,2025-09-08,ABORT,ABORTED,6495.45,0.0,66,Aborted on trend-dominant week.,ADJUSTMENT,6500.0,6400.0,6600.0,100.0,,,,,,34.7819,34.8379,12.7259,12.8379,0.056,
2025-09-19T19:00:00+00:00,SPX,2025-09-15,EXIT_WEEK,EXITED,6657.58,0.0,67,Forced weekly exit window reached.,INITIAL,-75.0,-175.0,25.0,100.0,,,,,,0.0,0.0,-22.056,-22.0,0.056,
2025-09-19T19:00:00+00:00,SPX,2025-09-15,EXIT_WEEK,EXITED,6657.58,0.0,68,Forced weekly exit window reached.,INITIAL,0.0,-100.0,100.0,100.0,,,,,,0.0,0.0,-22.056,-22.0,0.056,
2025-09-19T19:00:00+00:00,SPX,2025-09-15,EXIT_WEEK,EXITED,6657.58,0.0,69,Forced weekly exit window reached.,INITIAL,75.0,-25.0,175.0,100.0,,,,,,0.0,0.0,-22.056,-22.0,0.056,
2025-09-19T19:00:00+00:00,SPX,2025-09-15,EXIT_WEEK,EXITED,6657.58,0.0,70,Forced weekly exit window reached.,ADJUSTMENT,6610.0,6510.0,6710.0,100.0,,,,,,40.6509,40.7069,18.5949,18.7069,0.056,
2025-09-22T18:00:00+00:00,SPX,2025-09-22,ABORT,ABORTED,6688.94,0.0,71,Aborted on trend-dominant week.,INITIAL,-75.0,-175.0,25.0,100.0,,,,,,0.0,0.0,-22.056,-22.0,0.056,
2025-09-22T18:00:00+00:00,SPX,2025-09-22,ABORT,ABORTED,6688.94,0.0,72,Aborted on trend-dominant week.,INITIAL,0.0,-100.0,100.0,100.0,,,,,,0.0,0.0,-22.056,-22.0,0.056,
2025-09-22T18:00:00+00:00,SPX,2025-09-22,ABORT,ABORTED,6688.94,0.0,73,Aborted on trend-dominant week.,INITIAL,75.0,-25.0,175.0,100.0,,,,,,0.0,0.0,-22.056,-22.0,0.056,
2025-09-22T18:00:00+00:00,SPX,2025-09-22,ABORT,ABORTED,6688.94,0.0,74,Aborted on trend-dominant week.,ADJUSTMENT,6665.0,6565.0,6765.0,100.0,,,,,,33.4451,33.5011,11.3891,11.5011,0.056,
2025-10-01T17:30:00+00:00,SPX,2025-09-29,ABORT,ABORTED,6704.38,0.0,75,Aborted on trend-dominant week.,INITIAL,-75.0,-175.0,25.0,100.0,,,,,,0.0,0.0,-22.056,-22.0,0.056,
2025-10-01T17:30:00+00:00,SPX,2025-09-29,ABORT,ABORTED,6704.38,0.0,76,Aborted on trend-dominant week.,INITIAL,0.0,-100.0,100.0,100.0,,,,,,0.0,0.0,-22.056,-22.0,0.056,
2025-10-01T17:30:00+00:00,SPX,2025-09-29,ABORT,ABORTED,6704.38,0.0,77,Aborted on trend-dominant week.,INITIAL,75.0,-25.0,175.0,100.0,,,,,,0.0,0.0,-22.056,-22.0,0.056,
2025-10-01T17:30:00+00:00,SPX,2025-09-29,ABORT,ABORTED,6704.38,0.0,78,Aborted on trend-dominant week.,ADJUSTMENT,6675.0,6575.0,6775.0,100.0,,,,,,39.9956,40.0516,17.9396,18.0516,0.056,
2025-10-06T16:00:00+00:00,SPX,2025-10-06,ABORT,ABORTED,6740.29,0.0,79,Aborted on trend-dominant week.,INITIAL,-75.0,-175.0,25.0,100.0,,,,,,0.0,0.0,-22.056,-22.0,0.056,
2025-10-06T16:00:00+00:00,SPX,2025-10-06,ABORT,ABORTED,6740.29,0.0,80,Aborted on trend-dominant week.,INITIAL,0.0,-100.0,100.0,100.0,,,,,,0.0,0.0,-22.056,-22.0,0.056,
2025-10-06T16:00:00+00:00,SPX,2025-10-06,ABORT,ABORTED,6740.29,0.0,81,Aborted on trend-dominant week.,INITIAL,75.0,-25.0,175.0,100.0,,,,,,0.0,0.0,-22.056,-22.0,0.056,
2025-10-06T16:00:00+00:00,SPX,2025-10-06,ABORT,ABORTED,6740.29,0.0,82,Aborted on trend-dominant week.,ADJUSTMENT,6730.0,6630.0,6830.0,100.0,,,,,,34.1164,34.1724,12.0604,12.1724,0.056,
2025-10-13T17:30:00+00:00,SPX,2025-10-13,ABORT,ABORTED,6652.55,0.0,83,Aborted on trend-dominant week.,INITIAL,-75.0,-175.0,25.0,100.0,,,,,,0.0,0.0,-22.056,-22.0,0.056,
2025-10-13T17:30:00+00:00,SPX,2025-10-13,ABORT,ABORTED,6652.55,0.0,84,Aborted on trend-dominant week.,INITIAL,0.0,-100.0,100.0,100.0,,,,,,0.0,0.0,-22.056,-22.0,0.056,
2025-10-13T17:30:00+00:00,SPX,2025-10-13,ABORT,ABORTED,6652.55,0.0,85,Aborted on trend-dominant week.,INITIAL,75.0,-25.0,175.0,100.0,,,,,,0.0,0.0,-22.056,-22.0,0.056,
2025-10-20T16:00:00+00:00,SPX,2025-10-20,ABORT,ABORTED,6727.83,0.0,86,Aborted on trend-dominant week.,INITIAL,-75.0,-175.0,25.0,100.0,,,,,,0.0,0.0,-22.056,-22.0,0.056,
2025-10-20T16:00:00+00:00,SPX,2025-10-20,ABORT,ABORTED,6727.83,0.0,87,Aborted on trend-dominant week.,INITIAL,0.0,-100.0,100.0,100.0,,,,,,0.0,0.0,-22.056,-22.0,0.056,
2025-10-20T16:00:00+00:00,SPX,2025-10-20,ABORT,ABORTED,6727.83,0.0,88,Aborted on trend-dominant week.,INITIAL,75.0,-25.0,175.0,100.0,,,,,,0.0,0.0,-22.056,-22.0,0.056,
2025-10-20T16:00:00+00:00,SPX,2025-10-20,ABORT,ABORTED,6727.83,0.0,89,Aborted on trend-dominant week.,ADJUSTMENT,6720.0,6620.0,6820.0,100.0,,,,,,34.292,34.348,12.236,12.348,0.056,
2025-11-04T14:30:00+00:00,SPX,2025-11-03,ABORT,ABORTED,6768.85,0.0,90,Aborted on trend-dominant week.,INITIAL,-75.0,-175.0,25.0,100.0,,,,,,0.0,0.0,-22.056,-22.0,0.056,
2025-11-04T14:30:00+00:00,SPX,2025-11-03,ABORT,ABORTED,6768.85,0.0,91,Aborted on trend-dominant week.,INITIAL,0.0,-100.0,100.0,100.0,,,,,,0.0,0.0,-22.056,-22.0,0.056,
2025-11-04T14:30:00+00:00,SPX,2025-11-03,ABORT,ABORTED,6768.85,0.0,92,Aborted on trend-dominant week.,INITIAL,75.0,-25.0,175.0,100.0,,,,,,0.0,0.0,-22.056,-22.0,0.056,
2025-11-04T14:30:00+00:00,SPX,2025-11-03,ABORT,ABORTED,6768.85,0.0,93,Aborted on trend-dominant week.,ADJUSTMENT,6825.0,6725.0,6925.0,100.0,,,,,,33.4288,33.4848,11.3728,11.4848,0.056,
2025-11-12T19:00:00+00:00,SPX,2025-11-10,ABORT,ABORTED,6855.25,0.0,94,Aborted on trend-dominant week.,INITIAL,-75.0,-175.0,25.0,100.0,,,,,,0.0,0.0,-22.056,-22.0,0.056,
2025-11-12T19:00:00+00:00,SPX,2025-11-10,ABORT,ABORTED,6855.25,0.0,95,Aborted on trend-dominant week.,INITIAL,0.0,-100.0,100.0,100.0,,,,,,0.0,0.0,-22.056,-22.0,0.056,
2025-11-12T19:00:00+00:00,SPX,2025-11-10,ABORT,ABORTED,6855.25,0.0,96,Aborted on trend-dominant week.,INITIAL,75.0,-25.0,175.0,100.0,,,,,,0.0,0.0,-22.056,-22.0,0.056,
2025-11-12T19:00:00+00:00,SPX,2025-11-10,ABORT,ABORTED,6855.25,0.0,97,Aborted on trend-dominant week.,ADJUSTMENT,6780.0,6680.0,6880.0,100.0,,,,,,34.5152,34.5712,12.4592,12.5712,0.056,
2025-11-24T19:00:00+00:00,SPX,2025-11-24,ABORT,ABORTED,6710.57,0.0,98,Aborted on trend-dominant week.,INITIAL,-75.0,-175.0,25.0,100.0,,,,,,0.0,0.0,-22.056,-22.0,0.056,
2025-11-24T19:00:00+00:00,SPX,2025-11-24,ABORT,ABORTED,6710.57,0.0,99,Aborted on trend-dominant week.,INITIAL,0.0,-100.0,100.0,100.0,,,,,,0.0,0.0,-22.056,-22.0,0.056,
2025-11-24T19:00:00+00:00,SPX,2025-11-24,ABORT,ABORTED,6710.57,0.0,100,Aborted on trend-dominant week.,INITIAL,75.0,-25.0,175.0,100.0,,,,,,0.0,0.0,-22.056,-22.0,0.056,
2025-11-24T19:00:00+00:00,SPX,2025-11-24,ABORT,ABORTED,6710.57,0.0,101,Aborted on trend-dominant week.,ADJUSTMENT,6675.0,6575.0,6775.0,100.0,,,,,,32.5921,32.6481,10.5361,10.6481,0.056,
2025-12-12T16:00:00+00:00,SPX,2025-12-08,ABORT,ABORTED,6817.24,0.0,102,Aborted on trend-dominant week.,INITIAL,-75.0,-175.0,25.0,100.0,,,,,,0.0,0.0,-22.056,-22.0,0.056,
2025-12-12T16:00:00+00:00,SPX,2025-12-08,ABORT,ABORTED,6817.24,0.0,103,Aborted on trend-dominant week.,INITIAL,0.0,-100.0,100.0,100.0,,,,,,0.0,0.0,-22.056,-22.0,0.056,
2025-12-12T16:00:00+00:00,SPX,2025-12-08,ABORT,ABORTED,6817.24,0.0,104,Aborted on trend-dominant week.,INITIAL,75.0,-25.0,175.0,100.0,,,,,,0.0,0.0,-22.056,-22.0,0.056,
2025-12-12T16:00:00+00:00,SPX,2025-12-08,ABORT,ABORTED,6817.24,0.0,105,Aborted on trend-dominant week.,ADJUSTMENT,6860.0,6760.0,6960.0,100.0,,,,,,44.4626,44.5186,22.4066,22.5186,0.056,
2025-12-17T16:00:00+00:00,SPX,2025-12-15,ABORT,ABORTED,6758.9,0.0,106,Aborted on trend-dominant week.,INITIAL,-75.0,-175.0,25.0,100.0,,,,,,0.0,0.0,-22.056,-22.0,0.056,
2025-12-17T16:00:00+00:00,SPX,2025-12-15,ABORT,ABORTED,6758.9,0.0,107,Aborted on trend-dominant week.,INITIAL,0.0,-100.0,100.0,100.0,,,,,,0.0,0.0,-22.056,-22.0,0.056,
2025-12-17T16:00:00+00:00,SPX,2025-12-15,ABORT,ABORTED,6758.9,0.0,108,Aborted on trend-dominant week.,INITIAL,75.0,-25.0,175.0,100.0,,,,,,0.0,0.0,-22.056,-22.0,0.056,
2025-12-17T16:00:00+00:00,SPX,2025-12-15,ABORT,ABORTED,6758.9,0.0,109,Aborted on trend-dominant week.,ADJUSTMENT,6820.0,6720.0,6920.0,100.0,,,,,,35.9171,35.9731,13.8611,13.9731,0.056,
2025-12-22T19:30:00+00:00,SPX,2025-12-22,ABORT,ABORTED,6877.19,0.0,110,Aborted on trend-dominant week.,INITIAL,-75.0,-175.0,25.0,100.0,,,,,,0.0,0.0,-22.056,-22.0,0.056,
2025-12-22T19:30:00+00:00,SPX,2025-12-22,ABORT,ABORTED,6877.19,0.0,111,Aborted on trend-dominant week.,INITIAL,0.0,-100.0,100.0,100.0,,,,,,0.0,0.0,-22.056,-22.0,0.056,
2025-12-22T19:30:00+00:00,SPX,2025-12-22,ABORT,ABORTED,6877.19,0.0,112,Aborted on trend-dominant week.,INITIAL,75.0,-25.0,175.0,100.0,,,,,,0.0,0.0,-22.056,-22.0,0.056,
2025-12-22T19:30:00+00:00,SPX,2025-12-22,ABORT,ABORTED,6877.19,0.0,113,Aborted on trend-dominant week.,ADJUSTMENT,6865.0,6765.0,6965.0,100.0,,,,,,34.3883,34.4443,12.3323,12.4443,0.056,
2025-12-29T15:30:00+00:00,SPX,2025-12-29,ABORT,ABORTED,6908.98,0.0,114,Aborted on trend-dominant week.,INITIAL,-75.0,-175.0,25.0,100.0,,,,,,0.0,0.0,-22.056,-22.0,0.056,
2025-12-29T15:30:00+00:00,SPX,2025-12-29,ABORT,ABORTED,6908.98,0.0,115,Aborted on trend-dominant week.,INITIAL,0.0,-100.0,100.0,100.0,,,,,,0.0,0.0,-22.056,-22.0,0.056,
2025-12-29T15:30:00+00:00,SPX,2025-12-29,ABORT,ABORTED,6908.98,0.0,116,Aborted on trend-dominant week.,INITIAL,75.0,-25.0,175.0,100.0,,,,,,0.0,0.0,-22.056,-22.0,0.056,
2026-01-08T21:00:00+00:00,SPX,2026-01-05,ABORT,ABORTED,6921.1,0.0,117,Aborted on trend-dominant week.,INITIAL,-75.0,-175.0,25.0,100.0,,,,,,0.0,0.0,-22.056,-22.0,0.056,
2026-01-08T21:00:00+00:00,SPX,2026-01-05,ABORT,ABORTED,6921.1,0.0,118,Aborted on trend-dominant week.,INITIAL,0.0,-100.0,100.0,100.0,,,,,,0.0,0.0,-22.056,-22.0,0.056,
2026-01-08T21:00:00+00:00,SPX,2026-01-05,ABORT,ABORTED,6921.1,0.0,119,Aborted on trend-dominant week.,INITIAL,75.0,-25.0,175.0,100.0,,,,,,0.0,0.0,-22.056,-22.0,0.056,
2026-01-08T21:00:00+00:00,SPX,2026-01-05,ABORT,ABORTED,6921.1,0.0,120,Aborted on trend-dominant week.,ADJUSTMENT,6915.0,6815.0,7015.0,100.0,,,,,,47.2534,47.3094,25.1974,25.3094,0.056,
2026-01-16T20:00:00+00:00,SPX,2026-01-12,EXIT_WEEK,EXITED,6950.79,0.0,121,Forced weekly exit window reached.,INITIAL,-75.0,-175.0,25.0,100.0,,,,,,0.0,0.0,-22.056,-22.0,0.056,
2026-01-16T20:00:00+00:00,SPX,2026-01-12,EXIT_WEEK,EXITED,6950.79,0.0,122,Forced weekly exit window reached.,INITIAL,0.0,-100.0,100.0,100.0,,,,,,0.0,0.0,-22.056,-22.0,0.056,
2026-01-16T20:00:00+00:00,SPX,2026-01-12,EXIT_WEEK,EXITED,6950.79,0.0,123,Forced weekly exit window reached.,INITIAL,75.0,-25.0,175.0,100.0,,,,,,0.0,0.0,-22.056,-22.0,0.056,
2026-01-16T20:00:00+00:00,SPX,2026-01-12,EXIT_WEEK,EXITED,6950.79,0.0,124,Forced weekly exit window reached.,ADJUSTMENT,6955.0,6855.0,7055.0,100.0,,,,,,51.4552,51.5112,29.3992,29.5112,0.056,
2026-01-26T18:30:00+00:00,SPX,2026-01-26,ABORT,ABORTED,6963.81,0.0,125,Aborted on trend-dominant week.,INITIAL,-75.0,-175.0,25.0,100.0,,,,,,0.0,0.0,-22.056,-22.0,0.056,
2026-01-26T18:30:00+00:00,SPX,2026-01-26,ABORT,ABORTED,6963.81,0.0,126,Aborted on trend-dominant week.,INITIAL,0.0,-100.0,100.0,100.0,,,,,,0.0,0.0,-22.056,-22.0,0.056,
2026-01-26T18:30:00+00:00,SPX,2026-01-26,ABORT,ABORTED,6963.81,0.0,127,Aborted on trend-dominant week.,INITIAL,75.0,-25.0,175.0,100.0,,,,,,0.0,0.0,-22.056,-22.0,0.056,
2026-01-26T18:30:00+00:00,SPX,2026-01-26,ABORT,ABORTED,6963.81,0.0,128,Aborted on trend-dominant week.,ADJUSTMENT,6950.0,6850.0,7050.0,100.0,,,,,,34.1072,34.1632,12.0512,12.1632,0.056,
2026-02-03T18:30:00+00:00,SPX,2026-02-02,ABORT,ABORTED,6881.95,0.0,129,Aborted on trend-dominant week.,INITIAL,-75.0,-175.0,25.0,100.0,,,,,,0.0,0.0,-22.056,-22.0,0.056,
2026-02-03T18:30:00+00:00,SPX,2026-02-02,ABORT,ABORTED,6881.95,0.0,130,Aborted on trend-dominant week.,INITIAL,0.0,-100.0,100.0,100.0,,,,,,0.0,0.0,-22.056,-22.0,0.056,
2026-02-03T18:30:00+00:00,SPX,2026-02-02,ABORT,ABORTED,6881.95,0.0,131,Aborted on trend-dominant week.,INITIAL,75.0,-25.0,175.0,100.0,,,,,,0.0,0.0,-22.056,-22.0,0.056,
2026-02-03T18:30:00+00:00,SPX,2026-02-02,ABORT,ABORTED,6881.95,0.0,132,Aborted on trend-dominant week.,ADJUSTMENT,6975.0,6875.0,7075.0,100.0,,,,,,30.3615,30.4175,8.3055,8.4175,0.056,
2026-02-10T15:30:00+00:00,SPX,2026-02-09,ABORT,ABORTED,6980.83,0.0,133,Aborted on trend-dominant week.,INITIAL,-75.0,-175.0,25.0,100.0,,,,,,0.0,0.0,-22.056,-22.0,0.056,
2026-02-10T15:30:00+00:00,SPX,2026-02-09,ABORT,ABORTED,6980.83,0.0,134,Aborted on trend-dominant week.,INITIAL,0.0,-100.0,100.0,100.0,,,,,,0.0,0.0,-22.056,-22.0,0.056,
2026-02-10T15:30:00+00:00,SPX,2026-02-09,ABORT,ABORTED,6980.83,0.0,135,Aborted on trend-dominant week.,INITIAL,75.0,-25.0,175.0,100.0,,,,,,0.0,0.0,-22.056,-22.0,0.056,
2026-02-10T15:30:00+00:00,SPX,2026-02-09,ABORT,ABORTED,6980.83,0.0,136,Aborted on trend-dominant week.,ADJUSTMENT,6955.0,6855.0,7055.0,100.0,,,,,,36.3764,36.4324,14.3204,14.4324,0.056,
2026-02-25T18:30:00+00:00,SPX,2026-02-23,ABORT,ABORTED,6940.08,0.0,137,Aborted on trend-dominant week.,INITIAL,-75.0,-175.0,25.0,100.0,,,,,,0.0,0.0,-22.056,-22.0,0.056,
2026-02-25T18:30:00+00:00,SPX,2026-02-23,ABORT,ABORTED,6940.08,0.0,138,Aborted on trend-dominant week.,INITIAL,0.0,-100.0,100.0,100.0,,,,,,0.0,0.0,-22.056,-22.0,0.056,
2026-02-25T18:30:00+00:00,SPX,2026-02-23,ABORT,ABORTED,6940.08,0.0,139,Aborted on trend-dominant week.,INITIAL,75.0,-25.0,175.0,100.0,,,,,,0.0,0.0,-22.056,-22.0,0.056,
2026-02-25T18:30:00+00:00,SPX,2026-02-23,ABORT,ABORTED,6940.08,0.0,140,Aborted on trend-dominant week.,ADJUSTMENT,6855.0,6755.0,6955.0,100.0,,,,,,33.3408,33.3968,11.2848,11.3968,0.056,
2026-03-03T14:30:00+00:00,SPX,2026-03-02,ABORT,ABORTED,6759.52,0.0,141,Aborted on trend-dominant week.,INITIAL,-75.0,-175.0,25.0,100.0,,,,,,0.0,0.0,-22.056,-22.0,0.056,
2026-03-03T14:30:00+00:00,SPX,2026-03-02,ABORT,ABORTED,6759.52,0.0,142,Aborted on trend-dominant week.,INITIAL,0.0,-100.0,100.0,100.0,,,,,,0.0,0.0,-22.056,-22.0,0.056,
2026-03-03T14:30:00+00:00,SPX,2026-03-02,ABORT,ABORTED,6759.52,0.0,143,Aborted on trend-dominant week.,INITIAL,75.0,-25.0,175.0,100.0,,,,,,0.0,0.0,-22.056,-22.0,0.056,
2026-03-03T14:30:00+00:00,SPX,2026-03-02,ABORT,ABORTED,6759.52,0.0,144,Aborted on trend-dominant week.,ADJUSTMENT,6845.0,6745.0,6945.0,100.0,,,,,,30.7222,30.7782,8.6662,8.7782,0.056,
2026-03-09T19:30:00+00:00,SPX,2026-03-09,ABORT,ABORTED,6796.18,0.0,145,Aborted on trend-dominant week.,INITIAL,-75.0,-175.0,25.0,100.0,,,,,,0.0,0.0,-22.056,-22.0,0.056,
2026-03-09T19:30:00+00:00,SPX,2026-03-09,ABORT,ABORTED,6796.18,0.0,146,Aborted on trend-dominant week.,INITIAL,0.0,-100.0,100.0,100.0,,,,,,0.0,0.0,-22.056,-22.0,0.056,
2026-03-09T19:30:00+00:00,SPX,2026-03-09,ABORT,ABORTED,6796.18,0.0,147,Aborted on trend-dominant week.,INITIAL,75.0,-25.0,175.0,100.0,,,,,,0.0,0.0,-22.056,-22.0,0.056,
2026-03-09T19:30:00+00:00,SPX,2026-03-09,ABORT,ABORTED,6796.18,0.0,148,Aborted on trend-dominant week.,ADJUSTMENT,6705.0,6605.0,6805.0,100.0,,,,,,28.3413,28.3973,6.2853,6.3973,0.056,
2026-03-16T16:30:00+00:00,SPX,2026-03-16,ABORT,ABORTED,6684.87,0.0,149,Aborted on trend-dominant week.,INITIAL,-75.0,-175.0,25.0,100.0,,,,,,0.0,0.0,-22.056,-22.0,0.056,
2026-03-16T16:30:00+00:00,SPX,2026-03-16,ABORT,ABORTED,6684.87,0.0,150,Aborted on trend-dominant week.,INITIAL,0.0,-100.0,100.0,100.0,,,,,,0.0,0.0,-22.056,-22.0,0.056,
2026-03-16T16:30:00+00:00,SPX,2026-03-16,ABORT,ABORTED,6684.87,0.0,151,Aborted on trend-dominant week.,INITIAL,75.0,-25.0,175.0,100.0,,,,,,0.0,0.0,-22.056,-22.0,0.056,
2026-03-16T16:30:00+00:00,SPX,2026-03-16,ABORT,ABORTED,6684.87,0.0,152,Aborted on trend-dominant week.,ADJUSTMENT,6700.0,6600.0,6800.0,100.0,,,,,,33.8509,33.9069,11.7949,11.9069,0.056,
2026-03-23T16:00:00+00:00,SPX,2026-03-23,ABORT,ABORTED,6590.52,0.0,153,Aborted on trend-dominant week.,INITIAL,-75.0,-175.0,25.0,100.0,,,,,,0.0,0.0,-22.056,-22.0,0.056,
2026-03-23T16:00:00+00:00,SPX,2026-03-23,ABORT,ABORTED,6590.52,0.0,154,Aborted on trend-dominant week.,INITIAL,0.0,-100.0,100.0,100.0,,,,,,0.0,0.0,-22.056,-22.0,0.056,
2026-03-23T16:00:00+00:00,SPX,2026-03-23,ABORT,ABORTED,6590.52,0.0,155,Aborted on trend-dominant week.,INITIAL,75.0,-25.0,175.0,100.0,,,,,,0.0,0.0,-22.056,-22.0,0.056,
