timestamp,symbol,week_key,action,state,price,center_price,layer_id,detail,kind,body_strike,lower_strike,upper_strike,width,dte,entry_cost,entry_debit,entry_friction_cost,gross_deployment,close_value,gross_close_value,realized_pnl,gross_realized_pnl,close_friction_cost
2025-04-01T16:30:00+00:00,SPX,2025-03-31,DEPLOY_INITIAL,ACTIVE,5625.26,0.0,1,Opened an initial weekly butterfly layer.,INITIAL,-75.0,-225.0,75.0,150.0,12.0,33.056,33.0,0.056,33.056,,,,,
2025-04-01T16:30:00+00:00,SPX,2025-03-31,DEPLOY_INITIAL,ACTIVE,5625.26,0.0,2,Opened an initial weekly butterfly layer.,INITIAL,0.0,-150.0,150.0,150.0,12.0,33.056,33.0,0.056,33.056,,,,,
2025-04-01T16:30:00+00:00,SPX,2025-03-31,DEPLOY_INITIAL,ACTIVE,5625.26,0.0,3,Opened an initial weekly butterfly layer.,INITIAL,75.0,-75.0,225.0,150.0,12.0,33.056,33.0,0.056,33.056,,,,,
2025-04-02T17:00:00+00:00,SPX,2025-03-31,ABORT,ABORTED,5683.57,0.0,1,Aborted on trend-dominant week.,INITIAL,-75.0,-225.0,75.0,150.0,,,,,,0.0,0.0,-33.056,-33.0,0.056
2025-04-02T17:00:00+00:00,SPX,2025-03-31,ABORT,ABORTED,5683.57,0.0,2,Aborted on trend-dominant week.,INITIAL,0.0,-150.0,150.0,150.0,,,,,,0.0,0.0,-33.056,-33.0,0.056
2025-04-02T17:00:00+00:00,SPX,2025-03-31,ABORT,ABORTED,5683.57,0.0,3,Aborted on trend-dominant week.,INITIAL,75.0,-75.0,225.0,150.0,,,,,,0.0,0.0,-33.056,-33.0,0.056
2025-04-21T14:00:00+00:00,SPX,2025-04-21,DEPLOY_INITIAL,ACTIVE,5184.19,0.0,4,Opened an initial weekly butterfly layer.,INITIAL,-75.0,-225.0,75.0,150.0,12.0,33.056,33.0,0.056,33.056,,,,,
2025-04-21T14:00:00+00:00,SPX,2025-04-21,DEPLOY_INITIAL,ACTIVE,5184.19,0.0,5,Opened an initial weekly butterfly layer.,INITIAL,0.0,-150.0,150.0,150.0,12.0,33.056,33.0,0.056,33.056,,,,,
2025-04-21T14:00:00+00:00,SPX,2025-04-21,DEPLOY_INITIAL,ACTIVE,5184.19,0.0,6,Opened an initial weekly butterfly layer.,INITIAL,75.0,-75.0,225.0,150.0,12.0,33.056,33.0,0.056,33.056,,,,,
2025-04-21T15:00:00+00:00,SPX,2025-04-21,ABORT,ABORTED,5158.57,0.0,4,Aborted on trend-dominant week.,INITIAL,-75.0,-225.0,75.0,150.0,,,,,,0.0,0.0,-33.056,-33.0,0.056
2025-04-21T15:00:00+00:00,SPX,2025-04-21,ABORT,ABORTED,5158.57,0.0,5,Aborted on trend-dominant week.,INITIAL,0.0,-150.0,150.0,150.0,,,,,,0.0,0.0,-33.056,-33.0,0.056
2025-04-21T15:00:00+00:00,SPX,2025-04-21,ABORT,ABORTED,5158.57,0.0,6,Aborted on trend-dominant week.,INITIAL,75.0,-75.0,225.0,150.0,,,,,,0.0,0.0,-33.056,-33.0,0.056
2025-04-29T17:30:00+00:00,SPX,2025-04-28,DEPLOY_INITIAL,ACTIVE,5545.31,0.0,7,Opened an initial weekly butterfly layer.,INITIAL,-75.0,-225.0,75.0,150.0,12.0,33.056,33.0,0.056,33.056,,,,,
2025-04-29T17:30:00+00:00,SPX,2025-04-28,DEPLOY_INITIAL,ACTIVE,5545.31,0.0,8,Opened an initial weekly butterfly layer.,INITIAL,0.0,-150.0,150.0,150.0,12.0,33.056,33.0,0.056,33.056,,,,,
2025-04-29T17:30:00+00:00,SPX,2025-04-28,DEPLOY_INITIAL,ACTIVE,5545.31,0.0,9,Opened an initial weekly butterfly layer.,INITIAL,75.0,-75.0,225.0,150.0,12.0,33.056,33.0,0.056,33.056,,,,,
2025-04-29T20:00:00+00:00,SPX,2025-04-28,ABORT,ABORTED,5560.3,0.0,7,Aborted on trend-dominant week.,INITIAL,-75.0,-225.0,75.0,150.0,,,,,,0.0,0.0,-33.056,-33.0,0.056
2025-04-29T20:00:00+00:00,SPX,2025-04-28,ABORT,ABORTED,5560.3,0.0,8,Aborted on trend-dominant week.,INITIAL,0.0,-150.0,150.0,150.0,,,,,,0.0,0.0,-33.056,-33.0,0.056
2025-04-29T20:00:00+00:00,SPX,2025-04-28,ABORT,ABORTED,5560.3,0.0,9,Aborted on trend-dominant week.,INITIAL,75.0,-75.0,225.0,150.0,,,,,,0.0,0.0,-33.056,-33.0,0.056
2025-05-05T14:00:00+00:00,SPX,2025-05-05,DEPLOY_INITIAL,ACTIVE,5649.06,0.0,10,Opened an initial weekly butterfly layer.,INITIAL,-75.0,-225.0,75.0,150.0,12.0,33.056,33.0,0.056,33.056,,,,,
2025-05-05T14:00:00+00:00,SPX,2025-05-05,DEPLOY_INITIAL,ACTIVE,5649.06,0.0,11,Opened an initial weekly butterfly layer.,INITIAL,0.0,-150.0,150.0,150.0,12.0,33.056,33.0,0.056,33.056,,,,,
2025-05-05T14:00:00+00:00,SPX,2025-05-05,DEPLOY_INITIAL,ACTIVE,5649.06,0.0,12,Opened an initial weekly butterfly layer.,INITIAL,75.0,-75.0,225.0,150.0,12.0,33.056,33.0,0.056,33.056,,,,,
2025-05-05T14:30:00+00:00,SPX,2025-05-05,ABORT,ABORTED,5647.87,0.0,10,Aborted on trend-dominant week.,INITIAL,-75.0,-225.0,75.0,150.0,,,,,,0.0,0.0,-33.056,-33.0,0.056
2025-05-05T14:30:00+00:00,SPX,2025-05-05,ABORT,ABORTED,5647.87,0.0,11,Aborted on trend-dominant week.,INITIAL,0.0,-150.0,150.0,150.0,,,,,,0.0,0.0,-33.056,-33.0,0.056
2025-05-05T14:30:00+00:00,SPX,2025-05-05,ABORT,ABORTED,5647.87,0.0,12,Aborted on trend-dominant week.,INITIAL,75.0,-75.0,225.0,150.0,,,,,,0.0,0.0,-33.056,-33.0,0.056
2025-05-12T14:00:00+00:00,SPX,2025-05-12,DEPLOY_INITIAL,ACTIVE,5808.84,0.0,13,Opened an initial weekly butterfly layer.,INITIAL,-75.0,-225.0,75.0,150.0,12.0,33.056,33.0,0.056,33.056,,,,,
2025-05-12T14:00:00+00:00,SPX,2025-05-12,DEPLOY_INITIAL,ACTIVE,5808.84,0.0,14,Opened an initial weekly butterfly layer.,INITIAL,0.0,-150.0,150.0,150.0,12.0,33.056,33.0,0.056,33.056,,,,,
2025-05-12T14:00:00+00:00,SPX,2025-05-12,DEPLOY_INITIAL,ACTIVE,5808.84,0.0,15,Opened an initial weekly butterfly layer.,INITIAL,75.0,-75.0,225.0,150.0,12.0,33.056,33.0,0.056,33.056,,,,,
2025-05-12T17:00:00+00:00,SPX,2025-05-12,ABORT,ABORTED,5829.92,0.0,13,Aborted on trend-dominant week.,INITIAL,-75.0,-225.0,75.0,150.0,,,,,,0.0,0.0,-33.056,-33.0,0.056
2025-05-12T17:00:00+00:00,SPX,2025-05-12,ABORT,ABORTED,5829.92,0.0,14,Aborted on trend-dominant week.,INITIAL,0.0,-150.0,150.0,150.0,,,,,,0.0,0.0,-33.056,-33.0,0.056
2025-05-12T17:00:00+00:00,SPX,2025-05-12,ABORT,ABORTED,5829.92,0.0,15,Aborted on trend-dominant week.,INITIAL,75.0,-75.0,225.0,150.0,,,,,,0.0,0.0,-33.056,-33.0,0.056
2025-05-19T14:00:00+00:00,SPX,2025-05-19,DEPLOY_INITIAL,ACTIVE,5933.52,0.0,16,Opened an initial weekly butterfly layer.,INITIAL,-75.0,-225.0,75.0,150.0,12.0,33.056,33.0,0.056,33.056,,,,,
2025-05-19T14:00:00+00:00,SPX,2025-05-19,DEPLOY_INITIAL,ACTIVE,5933.52,0.0,17,Opened an initial weekly butterfly layer.,INITIAL,0.0,-150.0,150.0,150.0,12.0,33.056,33.0,0.056,33.056,,,,,
2025-05-19T14:00:00+00:00,SPX,2025-05-19,DEPLOY_INITIAL,ACTIVE,5933.52,0.0,18,Opened an initial weekly butterfly layer.,INITIAL,75.0,-75.0,225.0,150.0,12.0,33.056,33.0,0.056,33.056,,,,,
2025-05-23T13:30:00+00:00,SPX,2025-05-19,EXIT_HOLD,EXITED,5784.71,0.0,16,Holding window reached its maximum trading-day length.,INITIAL,-75.0,-225.0,75.0,150.0,,,,,,0.0,0.0,-33.056,-33.0,0.056
2025-05-23T13:30:00+00:00,SPX,2025-05-19,EXIT_HOLD,EXITED,5784.71,0.0,17,Holding window reached its maximum trading-day length.,INITIAL,0.0,-150.0,150.0,150.0,,,,,,0.0,0.0,-33.056,-33.0,0.056
2025-05-23T13:30:00+00:00,SPX,2025-05-19,EXIT_HOLD,EXITED,5784.71,0.0,18,Holding window reached its maximum trading-day length.,INITIAL,75.0,-75.0,225.0,150.0,,,,,,0.0,0.0,-33.056,-33.0,0.056
2025-05-27T14:00:00+00:00,SPX,2025-05-26,DEPLOY_INITIAL,ACTIVE,5880.41,0.0,19,Opened an initial weekly butterfly layer.,INITIAL,-75.0,-225.0,75.0,150.0,12.0,33.056,33.0,0.056,33.056,,,,,
2025-05-27T14:00:00+00:00,SPX,2025-05-26,DEPLOY_INITIAL,ACTIVE,5880.41,0.0,20,Opened an initial weekly butterfly layer.,INITIAL,0.0,-150.0,150.0,150.0,12.0,33.056,33.0,0.056,33.056,,,,,
2025-05-27T14:00:00+00:00,SPX,2025-05-26,DEPLOY_INITIAL,ACTIVE,5880.41,0.0,21,Opened an initial weekly butterfly layer.,INITIAL,75.0,-75.0,225.0,150.0,12.0,33.056,33.0,0.056,33.056,,,,,
2025-05-30T19:00:00+00:00,SPX,2025-05-26,EXIT_WEEK,EXITED,5905.22,0.0,19,Forced weekly exit window reached.,INITIAL,-75.0,-225.0,75.0,150.0,,,,,,0.0,0.0,-33.056,-33.0,0.056
2025-05-30T19:00:00+00:00,SPX,2025-05-26,EXIT_WEEK,EXITED,5905.22,0.0,20,Forced weekly exit window reached.,INITIAL,0.0,-150.0,150.0,150.0,,,,,,0.0,0.0,-33.056,-33.0,0.056
2025-05-30T19:00:00+00:00,SPX,2025-05-26,EXIT_WEEK,EXITED,5905.22,0.0,21,Forced weekly exit window reached.,INITIAL,75.0,-75.0,225.0,150.0,,,,,,0.0,0.0,-33.056,-33.0,0.056
2025-06-02T14:00:00+00:00,SPX,2025-06-02,DEPLOY_INITIAL,ACTIVE,5869.3,0.0,22,Opened an initial weekly butterfly layer.,INITIAL,-75.0,-225.0,75.0,150.0,12.0,33.056,33.0,0.056,33.056,,,,,
2025-06-02T14:00:00+00:00,SPX,2025-06-02,DEPLOY_INITIAL,ACTIVE,5869.3,0.0,23,Opened an initial weekly butterfly layer.,INITIAL,0.0,-150.0,150.0,150.0,12.0,33.056,33.0,0.056,33.056,,,,,
2025-06-02T14:00:00+00:00,SPX,2025-06-02,DEPLOY_INITIAL,ACTIVE,5869.3,0.0,24,Opened an initial weekly butterfly layer.,INITIAL,75.0,-75.0,225.0,150.0,12.0,33.056,33.0,0.056,33.056,,,,,
2025-06-06T13:30:00+00:00,SPX,2025-06-02,EXIT_HOLD,EXITED,5998.73,0.0,22,Holding window reached its maximum trading-day length.,INITIAL,-75.0,-225.0,75.0,150.0,,,,,,0.0,0.0,-33.056,-33.0,0.056
2025-06-06T13:30:00+00:00,SPX,2025-06-02,EXIT_HOLD,EXITED,5998.73,0.0,23,Holding window reached its maximum trading-day length.,INITIAL,0.0,-150.0,150.0,150.0,,,,,,0.0,0.0,-33.056,-33.0,0.056
2025-06-06T13:30:00+00:00,SPX,2025-06-02,EXIT_HOLD,EXITED,5998.73,0.0,24,Holding window reached its maximum trading-day length.,INITIAL,75.0,-75.0,225.0,150.0,,,,,,0.0,0.0,-33.056,-33.0,0.056
2025-06-09T14:00:00+00:00,SPX,2025-06-09,DEPLOY_INITIAL,ACTIVE,5999.47,0.0,25,Opened an initial weekly butterfly layer.,INITIAL,-75.0,-225.0,75.0,150.0,12.0,33.056,33.0,0.056,33.056,,,,,
2025-06-09T14:00:00+00:00,SPX,2025-06-09,DEPLOY_INITIAL,ACTIVE,5999.47,0.0,26,Opened an initial weekly butterfly layer.,INITIAL,0.0,-150.0,150.0,150.0,12.0,33.056,33.0,0.056,33.056,,,,,
2025-06-09T14:00:00+00:00,SPX,2025-06-09,DEPLOY_INITIAL,ACTIVE,5999.47,0.0,27,Opened an initial weekly butterfly layer.,INITIAL,75.0,-75.0,225.0,150.0,12.0,33.056,33.0,0.056,33.056,,,,,
2025-06-13T13:30:00+00:00,SPX,2025-06-09,EXIT_HOLD,EXITED,6005.27,0.0,25,Holding window reached its maximum trading-day length.,INITIAL,-75.0,-225.0,75.0,150.0,,,,,,0.0,0.0,-33.056,-33.0,0.056
2025-06-13T13:30:00+00:00,SPX,2025-06-09,EXIT_HOLD,EXITED,6005.27,0.0,26,Holding window reached its maximum trading-day length.,INITIAL,0.0,-150.0,150.0,150.0,,,,,,0.0,0.0,-33.056,-33.0,0.056
2025-06-13T13:30:00+00:00,SPX,2025-06-09,EXIT_HOLD,EXITED,6005.27,0.0,27,Holding window reached its maximum trading-day length.,INITIAL,75.0,-75.0,225.0,150.0,,,,,,0.0,0.0,-33.056,-33.0,0.056
2025-06-16T14:00:00+00:00,SPX,2025-06-16,DEPLOY_INITIAL,ACTIVE,6040.39,0.0,28,Opened an initial weekly butterfly layer.,INITIAL,-75.0,-225.0,75.0,150.0,12.0,33.056,33.0,0.056,33.056,,,,,
2025-06-16T14:00:00+00:00,SPX,2025-06-16,DEPLOY_INITIAL,ACTIVE,6040.39,0.0,29,Opened an initial weekly butterfly layer.,INITIAL,0.0,-150.0,150.0,150.0,12.0,33.056,33.0,0.056,33.056,,,,,
2025-06-16T14:00:00+00:00,SPX,2025-06-16,DEPLOY_INITIAL,ACTIVE,6040.39,0.0,30,Opened an initial weekly butterfly layer.,INITIAL,75.0,-75.0,225.0,150.0,12.0,33.056,33.0,0.056,33.056,,,,,
2025-06-20T13:30:00+00:00,SPX,2025-06-16,EXIT_HOLD,EXITED,6006.4,0.0,28,Holding window reached its maximum trading-day length.,INITIAL,-75.0,-225.0,75.0,150.0,,,,,,0.0,0.0,-33.056,-33.0,0.056
2025-06-20T13:30:00+00:00,SPX,2025-06-16,EXIT_HOLD,EXITED,6006.4,0.0,29,Holding window reached its maximum trading-day length.,INITIAL,0.0,-150.0,150.0,150.0,,,,,,0.0,0.0,-33.056,-33.0,0.056
2025-06-20T13:30:00+00:00,SPX,2025-06-16,EXIT_HOLD,EXITED,6006.4,0.0,30,Holding window reached its maximum trading-day length.,INITIAL,75.0,-75.0,225.0,150.0,,,,,,0.0,0.0,-33.056,-33.0,0.056
2025-06-23T14:00:00+00:00,SPX,2025-06-23,DEPLOY_INITIAL,ACTIVE,5996.31,0.0,31,Opened an initial weekly butterfly layer.,INITIAL,-75.0,-225.0,75.0,150.0,12.0,33.056,33.0,0.056,33.056,,,,,
2025-06-23T14:00:00+00:00,SPX,2025-06-23,DEPLOY_INITIAL,ACTIVE,5996.31,0.0,32,Opened an initial weekly butterfly layer.,INITIAL,0.0,-150.0,150.0,150.0,12.0,33.056,33.0,0.056,33.056,,,,,
2025-06-23T14:00:00+00:00,SPX,2025-06-23,DEPLOY_INITIAL,ACTIVE,5996.31,0.0,33,Opened an initial weekly butterfly layer.,INITIAL,75.0,-75.0,225.0,150.0,12.0,33.056,33.0,0.056,33.056,,,,,
2025-06-27T13:30:00+00:00,SPX,2025-06-23,EXIT_HOLD,EXITED,6154.73,0.0,31,Holding window reached its maximum trading-day length.,INITIAL,-75.0,-225.0,75.0,150.0,,,,,,0.0,0.0,-33.056,-33.0,0.056
2025-06-27T13:30:00+00:00,SPX,2025-06-23,EXIT_HOLD,EXITED,6154.73,0.0,32,Holding window reached its maximum trading-day length.,INITIAL,0.0,-150.0,150.0,150.0,,,,,,0.0,0.0,-33.056,-33.0,0.056
2025-06-27T13:30:00+00:00,SPX,2025-06-23,EXIT_HOLD,EXITED,6154.73,0.0,33,Holding window reached its maximum trading-day length.,INITIAL,75.0,-75.0,225.0,150.0,,,,,,0.0,0.0,-33.056,-33.0,0.056
2025-06-30T14:30:00+00:00,SPX,2025-06-30,DEPLOY_INITIAL,ACTIVE,6186.29,0.0,34,Opened an initial weekly butterfly layer.,INITIAL,-75.0,-225.0,75.0,150.0,12.0,33.056,33.0,0.056,33.056,,,,,
2025-06-30T14:30:00+00:00,SPX,2025-06-30,DEPLOY_INITIAL,ACTIVE,6186.29,0.0,35,Opened an initial weekly butterfly layer.,INITIAL,0.0,-150.0,150.0,150.0,12.0,33.056,33.0,0.056,33.056,,,,,
2025-06-30T14:30:00+00:00,SPX,2025-06-30,DEPLOY_INITIAL,ACTIVE,6186.29,0.0,36,Opened an initial weekly butterfly layer.,INITIAL,75.0,-75.0,225.0,150.0,12.0,33.056,33.0,0.056,33.056,,,,,
2025-07-07T13:30:00+00:00,SPX,2025-06-30,EXIT_WEEK,EXITED,6254.14,0.0,34,Week rollover exit.,INITIAL,-75.0,-225.0,75.0,150.0,,,,,,0.0,0.0,-33.056,-33.0,0.056
2025-07-07T13:30:00+00:00,SPX,2025-06-30,EXIT_WEEK,EXITED,6254.14,0.0,35,Week rollover exit.,INITIAL,0.0,-150.0,150.0,150.0,,,,,,0.0,0.0,-33.056,-33.0,0.056
2025-07-07T13:30:00+00:00,SPX,2025-06-30,EXIT_WEEK,EXITED,6254.14,0.0,36,Week rollover exit.,INITIAL,75.0,-75.0,225.0,150.0,,,,,,0.0,0.0,-33.056,-33.0,0.056
2025-07-07T14:00:00+00:00,SPX,2025-07-07,DEPLOY_INITIAL,ACTIVE,6253.8,0.0,37,Opened an initial weekly butterfly layer.,INITIAL,-75.0,-225.0,75.0,150.0,12.0,33.056,33.0,0.056,33.056,,,,,
2025-07-07T14:00:00+00:00,SPX,2025-07-07,DEPLOY_INITIAL,ACTIVE,6253.8,0.0,38,Opened an initial weekly butterfly layer.,INITIAL,0.0,-150.0,150.0,150.0,12.0,33.056,33.0,0.056,33.056,,,,,
2025-07-07T14:00:00+00:00,SPX,2025-07-07,DEPLOY_INITIAL,ACTIVE,6253.8,0.0,39,Opened an initial weekly butterfly layer.,INITIAL,75.0,-75.0,225.0,150.0,12.0,33.056,33.0,0.056,33.056,,,,,
2025-07-11T13:30:00+00:00,SPX,2025-07-07,EXIT_HOLD,EXITED,6247.94,0.0,37,Holding window reached its maximum trading-day length.,INITIAL,-75.0,-225.0,75.0,150.0,,,,,,0.0,0.0,-33.056,-33.0,0.056
2025-07-11T13:30:00+00:00,SPX,2025-07-07,EXIT_HOLD,EXITED,6247.94,0.0,38,Holding window reached its maximum trading-day length.,INITIAL,0.0,-150.0,150.0,150.0,,,,,,0.0,0.0,-33.056,-33.0,0.056
2025-07-11T13:30:00+00:00,SPX,2025-07-07,EXIT_HOLD,EXITED,6247.94,0.0,39,Holding window reached its maximum trading-day length.,INITIAL,75.0,-75.0,225.0,150.0,,,,,,0.0,0.0,-33.056,-33.0,0.056
2025-07-14T14:00:00+00:00,SPX,2025-07-14,DEPLOY_INITIAL,ACTIVE,6249.3,0.0,40,Opened an initial weekly butterfly layer.,INITIAL,-75.0,-225.0,75.0,150.0,12.0,33.056,33.0,0.056,33.056,,,,,
2025-07-14T14:00:00+00:00,SPX,2025-07-14,DEPLOY_INITIAL,ACTIVE,6249.3,0.0,41,Opened an initial weekly butterfly layer.,INITIAL,0.0,-150.0,150.0,150.0,12.0,33.056,33.0,0.056,33.056,,,,,
2025-07-14T14:00:00+00:00,SPX,2025-07-14,DEPLOY_INITIAL,ACTIVE,6249.3,0.0,42,Opened an initial weekly butterfly layer.,INITIAL,75.0,-75.0,225.0,150.0,12.0,33.056,33.0,0.056,33.056,,,,,
2025-07-18T13:30:00+00:00,SPX,2025-07-14,EXIT_HOLD,EXITED,6309.9,0.0,40,Holding window reached its maximum trading-day length.,INITIAL,-75.0,-225.0,75.0,150.0,,,,,,0.0,0.0,-33.056,-33.0,0.056
2025-07-18T13:30:00+00:00,SPX,2025-07-14,EXIT_HOLD,EXITED,6309.9,0.0,41,Holding window reached its maximum trading-day length.,INITIAL,0.0,-150.0,150.0,150.0,,,,,,0.0,0.0,-33.056,-33.0,0.056
2025-07-18T13:30:00+00:00,SPX,2025-07-14,EXIT_HOLD,EXITED,6309.9,0.0,42,Holding window reached its maximum trading-day length.,INITIAL,75.0,-75.0,225.0,150.0,,,,,,0.0,0.0,-33.056,-33.0,0.056
2025-07-21T14:00:00+00:00,SPX,2025-07-21,DEPLOY_INITIAL,ACTIVE,6329.87,0.0,43,Opened an initial weekly butterfly layer.,INITIAL,-75.0,-225.0,75.0,150.0,12.0,33.056,33.0,0.056,33.056,,,,,
2025-07-21T14:00:00+00:00,SPX,2025-07-21,DEPLOY_INITIAL,ACTIVE,6329.87,0.0,44,Opened an initial weekly butterfly layer.,INITIAL,0.0,-150.0,150.0,150.0,12.0,33.056,33.0,0.056,33.056,,,,,
2025-07-21T14:00:00+00:00,SPX,2025-07-21,DEPLOY_INITIAL,ACTIVE,6329.87,0.0,45,Opened an initial weekly butterfly layer.,INITIAL,75.0,-75.0,225.0,150.0,12.0,33.056,33.0,0.056,33.056,,,,,
2025-07-25T13:30:00+00:00,SPX,2025-07-21,EXIT_HOLD,EXITED,6372.76,0.0,43,Holding window reached its maximum trading-day length.,INITIAL,-75.0,-225.0,75.0,150.0,,,,,,0.0,0.0,-33.056,-33.0,0.056
2025-07-25T13:30:00+00:00,SPX,2025-07-21,EXIT_HOLD,EXITED,6372.76,0.0,44,Holding window reached its maximum trading-day length.,INITIAL,0.0,-150.0,150.0,150.0,,,,,,0.0,0.0,-33.056,-33.0,0.056
2025-07-25T13:30:00+00:00,SPX,2025-07-21,EXIT_HOLD,EXITED,6372.76,0.0,45,Holding window reached its maximum trading-day length.,INITIAL,75.0,-75.0,225.0,150.0,,,,,,0.0,0.0,-33.056,-33.0,0.056
2025-07-28T14:00:00+00:00,SPX,2025-07-28,DEPLOY_INITIAL,ACTIVE,6396.75,0.0,46,Opened an initial weekly butterfly layer.,INITIAL,-75.0,-225.0,75.0,150.0,12.0,33.056,33.0,0.056,33.056,,,,,
2025-07-28T14:00:00+00:00,SPX,2025-07-28,DEPLOY_INITIAL,ACTIVE,6396.75,0.0,47,Opened an initial weekly butterfly layer.,INITIAL,0.0,-150.0,150.0,150.0,12.0,33.056,33.0,0.056,33.056,,,,,
2025-07-28T14:00:00+00:00,SPX,2025-07-28,DEPLOY_INITIAL,ACTIVE,6396.75,0.0,48,Opened an initial weekly butterfly layer.,INITIAL,75.0,-75.0,225.0,150.0,12.0,33.056,33.0,0.056,33.056,,,,,
2025-08-01T13:30:00+00:00,SPX,2025-07-28,ABORT,ABORTED,6262.57,0.0,46,Aborted on trend-dominant week.,INITIAL,-75.0,-225.0,75.0,150.0,,,,,,0.0,0.0,-33.056,-33.0,0.056
2025-08-01T13:30:00+00:00,SPX,2025-07-28,ABORT,ABORTED,6262.57,0.0,47,Aborted on trend-dominant week.,INITIAL,0.0,-150.0,150.0,150.0,,,,,,0.0,0.0,-33.056,-33.0,0.056
2025-08-01T13:30:00+00:00,SPX,2025-07-28,ABORT,ABORTED,6262.57,0.0,48,Aborted on trend-dominant week.,INITIAL,75.0,-75.0,225.0,150.0,,,,,,0.0,0.0,-33.056,-33.0,0.056
2025-08-04T14:00:00+00:00,SPX,2025-08-04,DEPLOY_INITIAL,ACTIVE,6310.09,0.0,49,Opened an initial weekly butterfly layer.,INITIAL,-75.0,-225.0,75.0,150.0,12.0,33.056,33.0,0.056,33.056,,,,,
2025-08-04T14:00:00+00:00,SPX,2025-08-04,DEPLOY_INITIAL,ACTIVE,6310.09,0.0,50,Opened an initial weekly butterfly layer.,INITIAL,0.0,-150.0,150.0,150.0,12.0,33.056,33.0,0.056,33.056,,,,,
2025-08-04T14:00:00+00:00,SPX,2025-08-04,DEPLOY_INITIAL,ACTIVE,6310.09,0.0,51,Opened an initial weekly butterfly layer.,INITIAL,75.0,-75.0,225.0,150.0,12.0,33.056,33.0,0.056,33.056,,,,,
2025-08-08T13:30:00+00:00,SPX,2025-08-04,EXIT_HOLD,EXITED,6359.92,0.0,49,Holding window reached its maximum trading-day length.,INITIAL,-75.0,-225.0,75.0,150.0,,,,,,0.0,0.0,-33.056,-33.0,0.056
2025-08-08T13:30:00+00:00,SPX,2025-08-04,EXIT_HOLD,EXITED,6359.92,0.0,50,Holding window reached its maximum trading-day length.,INITIAL,0.0,-150.0,150.0,150.0,,,,,,0.0,0.0,-33.056,-33.0,0.056
2025-08-08T13:30:00+00:00,SPX,2025-08-04,EXIT_HOLD,EXITED,6359.92,0.0,51,Holding window reached its maximum trading-day length.,INITIAL,75.0,-75.0,225.0,150.0,,,,,,0.0,0.0,-33.056,-33.0,0.056
2025-08-11T14:00:00+00:00,SPX,2025-08-11,DEPLOY_INITIAL,ACTIVE,6392.64,0.0,52,Opened an initial weekly butterfly layer.,INITIAL,-75.0,-225.0,75.0,150.0,12.0,33.056,33.0,0.056,33.056,,,,,
2025-08-11T14:00:00+00:00,SPX,2025-08-11,DEPLOY_INITIAL,ACTIVE,6392.64,0.0,53,Opened an initial weekly butterfly layer.,INITIAL,0.0,-150.0,150.0,150.0,12.0,33.056,33.0,0.056,33.056,,,,,
2025-08-11T14:00:00+00:00,SPX,2025-08-11,DEPLOY_INITIAL,ACTIVE,6392.64,0.0,54,Opened an initial weekly butterfly layer.,INITIAL,75.0,-75.0,225.0,150.0,12.0,33.056,33.0,0.056,33.056,,,,,
2025-08-15T13:30:00+00:00,SPX,2025-08-11,EXIT_HOLD,EXITED,6468.96,0.0,52,Holding window reached its maximum trading-day length.,INITIAL,-75.0,-225.0,75.0,150.0,,,,,,0.0,0.0,-33.056,-33.0,0.056
2025-08-15T13:30:00+00:00,SPX,2025-08-11,EXIT_HOLD,EXITED,6468.96,0.0,53,Holding window reached its maximum trading-day length.,INITIAL,0.0,-150.0,150.0,150.0,,,,,,0.0,0.0,-33.056,-33.0,0.056
2025-08-15T13:30:00+00:00,SPX,2025-08-11,EXIT_HOLD,EXITED,6468.96,0.0,54,Holding window reached its maximum trading-day length.,INITIAL,75.0,-75.0,225.0,150.0,,,,,,0.0,0.0,-33.056,-33.0,0.056
2025-08-18T14:00:00+00:00,SPX,2025-08-18,DEPLOY_INITIAL,ACTIVE,6448.65,0.0,55,Opened an initial weekly butterfly layer.,INITIAL,-75.0,-225.0,75.0,150.0,12.0,33.056,33.0,0.056,33.056,,,,,
2025-08-18T14:00:00+00:00,SPX,2025-08-18,DEPLOY_INITIAL,ACTIVE,6448.65,0.0,56,Opened an initial weekly butterfly layer.,INITIAL,0.0,-150.0,150.0,150.0,12.0,33.056,33.0,0.056,33.056,,,,,
2025-08-18T14:00:00+00:00,SPX,2025-08-18,DEPLOY_INITIAL,ACTIVE,6448.65,0.0,57,Opened an initial weekly butterfly layer.,INITIAL,75.0,-75.0,225.0,150.0,12.0,33.056,33.0,0.056,33.056,,,,,
2025-08-22T13:30:00+00:00,SPX,2025-08-18,EXIT_HOLD,EXITED,6390.4,0.0,55,Holding window reached its maximum trading-day length.,INITIAL,-75.0,-225.0,75.0,150.0,,,,,,0.0,0.0,-33.056,-33.0,0.056
2025-08-22T13:30:00+00:00,SPX,2025-08-18,EXIT_HOLD,EXITED,6390.4,0.0,56,Holding window reached its maximum trading-day length.,INITIAL,0.0,-150.0,150.0,150.0,,,,,,0.0,0.0,-33.056,-33.0,0.056
2025-08-22T13:30:00+00:00,SPX,2025-08-18,EXIT_HOLD,EXITED,6390.4,0.0,57,Holding window reached its maximum trading-day length.,INITIAL,75.0,-75.0,225.0,150.0,,,,,,0.0,0.0,-33.056,-33.0,0.056
2025-08-25T14:00:00+00:00,SPX,2025-08-25,DEPLOY_INITIAL,ACTIVE,6457.54,0.0,58,Opened an initial weekly butterfly layer.,INITIAL,-75.0,-225.0,75.0,150.0,12.0,33.056,33.0,0.056,33.056,,,,,
2025-08-25T14:00:00+00:00,SPX,2025-08-25,DEPLOY_INITIAL,ACTIVE,6457.54,0.0,59,Opened an initial weekly butterfly layer.,INITIAL,0.0,-150.0,150.0,150.0,12.0,33.056,33.0,0.056,33.056,,,,,
2025-08-25T14:00:00+00:00,SPX,2025-08-25,DEPLOY_INITIAL,ACTIVE,6457.54,0.0,60,Opened an initial weekly butterfly layer.,INITIAL,75.0,-75.0,225.0,150.0,12.0,33.056,33.0,0.056,33.056,,,,,
2025-08-29T13:30:00+00:00,SPX,2025-08-25,EXIT_HOLD,EXITED,6486.2,0.0,58,Holding window reached its maximum trading-day length.,INITIAL,-75.0,-225.0,75.0,150.0,,,,,,0.0,0.0,-33.056,-33.0,0.056
2025-08-29T13:30:00+00:00,SPX,2025-08-25,EXIT_HOLD,EXITED,6486.2,0.0,59,Holding window reached its maximum trading-day length.,INITIAL,0.0,-150.0,150.0,150.0,,,,,,0.0,0.0,-33.056,-33.0,0.056
2025-08-29T13:30:00+00:00,SPX,2025-08-25,EXIT_HOLD,EXITED,6486.2,0.0,60,Holding window reached its maximum trading-day length.,INITIAL,75.0,-75.0,225.0,150.0,,,,,,0.0,0.0,-33.056,-33.0,0.056
2025-09-02T14:00:00+00:00,SPX,2025-09-01,DEPLOY_INITIAL,ACTIVE,6404.18,0.0,61,Opened an initial weekly butterfly layer.,INITIAL,-75.0,-225.0,75.0,150.0,12.0,33.056,33.0,0.056,33.056,,,,,
2025-09-02T14:00:00+00:00,SPX,2025-09-01,DEPLOY_INITIAL,ACTIVE,6404.18,0.0,62,Opened an initial weekly butterfly layer.,INITIAL,0.0,-150.0,150.0,150.0,12.0,33.056,33.0,0.056,33.056,,,,,
2025-09-02T14:00:00+00:00,SPX,2025-09-01,DEPLOY_INITIAL,ACTIVE,6404.18,0.0,63,Opened an initial weekly butterfly layer.,INITIAL,75.0,-75.0,225.0,150.0,12.0,33.056,33.0,0.056,33.056,,,,,
2025-09-05T19:00:00+00:00,SPX,2025-09-01,EXIT_WEEK,EXITED,6473.37,0.0,61,Forced weekly exit window reached.,INITIAL,-75.0,-225.0,75.0,150.0,,,,,,0.0,0.0,-33.056,-33.0,0.056
2025-09-05T19:00:00+00:00,SPX,2025-09-01,EXIT_WEEK,EXITED,6473.37,0.0,62,Forced weekly exit window reached.,INITIAL,0.0,-150.0,150.0,150.0,,,,,,0.0,0.0,-33.056,-33.0,0.056
2025-09-05T19:00:00+00:00,SPX,2025-09-01,EXIT_WEEK,EXITED,6473.37,0.0,63,Forced weekly exit window reached.,INITIAL,75.0,-75.0,225.0,150.0,,,,,,0.0,0.0,-33.056,-33.0,0.056
2025-09-08T14:00:00+00:00,SPX,2025-09-08,DEPLOY_INITIAL,ACTIVE,6494.02,0.0,64,Opened an initial weekly butterfly layer.,INITIAL,-75.0,-225.0,75.0,150.0,12.0,33.056,33.0,0.056,33.056,,,,,
2025-09-08T14:00:00+00:00,SPX,2025-09-08,DEPLOY_INITIAL,ACTIVE,6494.02,0.0,65,Opened an initial weekly butterfly layer.,INITIAL,0.0,-150.0,150.0,150.0,12.0,33.056,33.0,0.056,33.056,,,,,
2025-09-08T14:00:00+00:00,SPX,2025-09-08,DEPLOY_INITIAL,ACTIVE,6494.02,0.0,66,Opened an initial weekly butterfly layer.,INITIAL,75.0,-75.0,225.0,150.0,12.0,33.056,33.0,0.056,33.056,,,,,
2025-09-12T13:30:00+00:00,SPX,2025-09-08,EXIT_HOLD,EXITED,6586.25,0.0,64,Holding window reached its maximum trading-day length.,INITIAL,-75.0,-225.0,75.0,150.0,,,,,,0.0,0.0,-33.056,-33.0,0.056
2025-09-12T13:30:00+00:00,SPX,2025-09-08,EXIT_HOLD,EXITED,6586.25,0.0,65,Holding window reached its maximum trading-day length.,INITIAL,0.0,-150.0,150.0,150.0,,,,,,0.0,0.0,-33.056,-33.0,0.056
2025-09-12T13:30:00+00:00,SPX,2025-09-08,EXIT_HOLD,EXITED,6586.25,0.0,66,Holding window reached its maximum trading-day length.,INITIAL,75.0,-75.0,225.0,150.0,,,,,,0.0,0.0,-33.056,-33.0,0.056
2025-09-15T14:00:00+00:00,SPX,2025-09-15,DEPLOY_INITIAL,ACTIVE,6611.08,0.0,67,Opened an initial weekly butterfly layer.,INITIAL,-75.0,-225.0,75.0,150.0,12.0,33.056,33.0,0.056,33.056,,,,,
2025-09-15T14:00:00+00:00,SPX,2025-09-15,DEPLOY_INITIAL,ACTIVE,6611.08,0.0,68,Opened an initial weekly butterfly layer.,INITIAL,0.0,-150.0,150.0,150.0,12.0,33.056,33.0,0.056,33.056,,,,,
2025-09-15T14:00:00+00:00,SPX,2025-09-15,DEPLOY_INITIAL,ACTIVE,6611.08,0.0,69,Opened an initial weekly butterfly layer.,INITIAL,75.0,-75.0,225.0,150.0,12.0,33.056,33.0,0.056,33.056,,,,,
2025-09-19T13:30:00+00:00,SPX,2025-09-15,EXIT_HOLD,EXITED,6642.39,0.0,67,Holding window reached its maximum trading-day length.,INITIAL,-75.0,-225.0,75.0,150.0,,,,,,0.0,0.0,-33.056,-33.0,0.056
2025-09-19T13:30:00+00:00,SPX,2025-09-15,EXIT_HOLD,EXITED,6642.39,0.0,68,Holding window reached its maximum trading-day length.,INITIAL,0.0,-150.0,150.0,150.0,,,,,,0.0,0.0,-33.056,-33.0,0.056
2025-09-19T13:30:00+00:00,SPX,2025-09-15,EXIT_HOLD,EXITED,6642.39,0.0,69,Holding window reached its maximum trading-day length.,INITIAL,75.0,-75.0,225.0,150.0,,,,,,0.0,0.0,-33.056,-33.0,0.056
2025-09-22T14:00:00+00:00,SPX,2025-09-22,DEPLOY_INITIAL,ACTIVE,6661.0,0.0,70,Opened an initial weekly butterfly layer.,INITIAL,-75.0,-225.0,75.0,150.0,12.0,33.056,33.0,0.056,33.056,,,,,
2025-09-22T14:00:00+00:00,SPX,2025-09-22,DEPLOY_INITIAL,ACTIVE,6661.0,0.0,71,Opened an initial weekly butterfly layer.,INITIAL,0.0,-150.0,150.0,150.0,12.0,33.056,33.0,0.056,33.056,,,,,
2025-09-22T14:00:00+00:00,SPX,2025-09-22,DEPLOY_INITIAL,ACTIVE,6661.0,0.0,72,Opened an initial weekly butterfly layer.,INITIAL,75.0,-75.0,225.0,150.0,12.0,33.056,33.0,0.056,33.056,,,,,
2025-09-26T13:30:00+00:00,SPX,2025-09-22,EXIT_HOLD,EXITED,6634.67,0.0,70,Holding window reached its maximum trading-day length.,INITIAL,-75.0,-225.0,75.0,150.0,,,,,,0.0,0.0,-33.056,-33.0,0.056
2025-09-26T13:30:00+00:00,SPX,2025-09-22,EXIT_HOLD,EXITED,6634.67,0.0,71,Holding window reached its maximum trading-day length.,INITIAL,0.0,-150.0,150.0,150.0,,,,,,0.0,0.0,-33.056,-33.0,0.056
2025-09-26T13:30:00+00:00,SPX,2025-09-22,EXIT_HOLD,EXITED,6634.67,0.0,72,Holding window reached its maximum trading-day length.,INITIAL,75.0,-75.0,225.0,150.0,,,,,,0.0,0.0,-33.056,-33.0,0.056
2025-09-29T14:00:00+00:00,SPX,2025-09-29,DEPLOY_INITIAL,ACTIVE,6667.71,0.0,73,Opened an initial weekly butterfly layer.,INITIAL,-75.0,-225.0,75.0,150.0,12.0,33.056,33.0,0.056,33.056,,,,,
2025-09-29T14:00:00+00:00,SPX,2025-09-29,DEPLOY_INITIAL,ACTIVE,6667.71,0.0,74,Opened an initial weekly butterfly layer.,INITIAL,0.0,-150.0,150.0,150.0,12.0,33.056,33.0,0.056,33.056,,,,,
2025-09-29T14:00:00+00:00,SPX,2025-09-29,DEPLOY_INITIAL,ACTIVE,6667.71,0.0,75,Opened an initial weekly butterfly layer.,INITIAL,75.0,-75.0,225.0,150.0,12.0,33.056,33.0,0.056,33.056,,,,,
2025-10-03T13:30:00+00:00,SPX,2025-09-29,EXIT_HOLD,EXITED,6730.67,0.0,73,Holding window reached its maximum trading-day length.,INITIAL,-75.0,-225.0,75.0,150.0,,,,,,0.0,0.0,-33.056,-33.0,0.056
2025-10-03T13:30:00+00:00,SPX,2025-09-29,EXIT_HOLD,EXITED,6730.67,0.0,74,Holding window reached its maximum trading-day length.,INITIAL,0.0,-150.0,150.0,150.0,,,,,,0.0,0.0,-33.056,-33.0,0.056
2025-10-03T13:30:00+00:00,SPX,2025-09-29,EXIT_HOLD,EXITED,6730.67,0.0,75,Holding window reached its maximum trading-day length.,INITIAL,75.0,-75.0,225.0,150.0,,,,,,0.0,0.0,-33.056,-33.0,0.056
2025-10-06T14:00:00+00:00,SPX,2025-10-06,DEPLOY_INITIAL,ACTIVE,6723.75,0.0,76,Opened an initial weekly butterfly layer.,INITIAL,-75.0,-225.0,75.0,150.0,12.0,33.056,33.0,0.056,33.056,,,,,
2025-10-06T14:00:00+00:00,SPX,2025-10-06,DEPLOY_INITIAL,ACTIVE,6723.75,0.0,77,Opened an initial weekly butterfly layer.,INITIAL,0.0,-150.0,150.0,150.0,12.0,33.056,33.0,0.056,33.056,,,,,
2025-10-06T14:00:00+00:00,SPX,2025-10-06,DEPLOY_INITIAL,ACTIVE,6723.75,0.0,78,Opened an initial weekly butterfly layer.,INITIAL,75.0,-75.0,225.0,150.0,12.0,33.056,33.0,0.056,33.056,,,,,
2025-10-10T13:30:00+00:00,SPX,2025-10-06,EXIT_HOLD,EXITED,6748.1,0.0,76,Holding window reached its maximum trading-day length.,INITIAL,-75.0,-225.0,75.0,150.0,,,,,,0.0,0.0,-33.056,-33.0,0.056
2025-10-10T13:30:00+00:00,SPX,2025-10-06,EXIT_HOLD,EXITED,6748.1,0.0,77,Holding window reached its maximum trading-day length.,INITIAL,0.0,-150.0,150.0,150.0,,,,,,0.0,0.0,-33.056,-33.0,0.056
2025-10-10T13:30:00+00:00,SPX,2025-10-06,EXIT_HOLD,EXITED,6748.1,0.0,78,Holding window reached its maximum trading-day length.,INITIAL,75.0,-75.0,225.0,150.0,,,,,,0.0,0.0,-33.056,-33.0,0.056
2025-10-13T14:00:00+00:00,SPX,2025-10-13,DEPLOY_INITIAL,ACTIVE,6653.48,0.0,79,Opened an initial weekly butterfly layer.,INITIAL,-75.0,-225.0,75.0,150.0,12.0,33.056,33.0,0.056,33.056,,,,,
2025-10-13T14:00:00+00:00,SPX,2025-10-13,DEPLOY_INITIAL,ACTIVE,6653.48,0.0,80,Opened an initial weekly butterfly layer.,INITIAL,0.0,-150.0,150.0,150.0,12.0,33.056,33.0,0.056,33.056,,,,,
2025-10-13T14:00:00+00:00,SPX,2025-10-13,DEPLOY_INITIAL,ACTIVE,6653.48,0.0,81,Opened an initial weekly butterfly layer.,INITIAL,75.0,-75.0,225.0,150.0,12.0,33.056,33.0,0.056,33.056,,,,,
2025-10-17T13:30:00+00:00,SPX,2025-10-13,EXIT_HOLD,EXITED,6624.29,0.0,79,Holding window reached its maximum trading-day length.,INITIAL,-75.0,-225.0,75.0,150.0,,,,,,0.0,0.0,-33.056,-33.0,0.056
2025-10-17T13:30:00+00:00,SPX,2025-10-13,EXIT_HOLD,EXITED,6624.29,0.0,80,Holding window reached its maximum trading-day length.,INITIAL,0.0,-150.0,150.0,150.0,,,,,,0.0,0.0,-33.056,-33.0,0.056
2025-10-17T13:30:00+00:00,SPX,2025-10-13,EXIT_HOLD,EXITED,6624.29,0.0,81,Holding window reached its maximum trading-day length.,INITIAL,75.0,-75.0,225.0,150.0,,,,,,0.0,0.0,-33.056,-33.0,0.056
2025-10-20T14:00:00+00:00,SPX,2025-10-20,DEPLOY_INITIAL,ACTIVE,6715.26,0.0,82,Opened an initial weekly butterfly layer.,INITIAL,-75.0,-225.0,75.0,150.0,12.0,33.056,33.0,0.056,33.056,,,,,
2025-10-20T14:00:00+00:00,SPX,2025-10-20,DEPLOY_INITIAL,ACTIVE,6715.26,0.0,83,Opened an initial weekly butterfly layer.,INITIAL,0.0,-150.0,150.0,150.0,12.0,33.056,33.0,0.056,33.056,,,,,
2025-10-20T14:00:00+00:00,SPX,2025-10-20,DEPLOY_INITIAL,ACTIVE,6715.26,0.0,84,Opened an initial weekly butterfly layer.,INITIAL,75.0,-75.0,225.0,150.0,12.0,33.056,33.0,0.056,33.056,,,,,
2025-10-24T13:30:00+00:00,SPX,2025-10-20,EXIT_HOLD,EXITED,6789.76,0.0,82,Holding window reached its maximum trading-day length.,INITIAL,-75.0,-225.0,75.0,150.0,,,,,,0.0,0.0,-33.056,-33.0,0.056
2025-10-24T13:30:00+00:00,SPX,2025-10-20,EXIT_HOLD,EXITED,6789.76,0.0,83,Holding window reached its maximum trading-day length.,INITIAL,0.0,-150.0,150.0,150.0,,,,,,0.0,0.0,-33.056,-33.0,0.056
2025-10-24T13:30:00+00:00,SPX,2025-10-20,EXIT_HOLD,EXITED,6789.76,0.0,84,Holding window reached its maximum trading-day length.,INITIAL,75.0,-75.0,225.0,150.0,,,,,,0.0,0.0,-33.056,-33.0,0.056
2025-10-27T14:00:00+00:00,SPX,2025-10-27,DEPLOY_INITIAL,ACTIVE,6856.46,0.0,85,Opened an initial weekly butterfly layer.,INITIAL,-75.0,-225.0,75.0,150.0,12.0,33.056,33.0,0.056,33.056,,,,,
2025-10-27T14:00:00+00:00,SPX,2025-10-27,DEPLOY_INITIAL,ACTIVE,6856.46,0.0,86,Opened an initial weekly butterfly layer.,INITIAL,0.0,-150.0,150.0,150.0,12.0,33.056,33.0,0.056,33.056,,,,,
2025-10-27T14:00:00+00:00,SPX,2025-10-27,DEPLOY_INITIAL,ACTIVE,6856.46,0.0,87,Opened an initial weekly butterfly layer.,INITIAL,75.0,-75.0,225.0,150.0,12.0,33.056,33.0,0.056,33.056,,,,,
2025-10-28T19:30:00+00:00,SPX,2025-10-27,ABORT,ABORTED,6908.22,0.0,85,Aborted on trend-dominant week.,INITIAL,-75.0,-225.0,75.0,150.0,,,,,,0.0,0.0,-33.056,-33.0,0.056
2025-10-28T19:30:00+00:00,SPX,2025-10-27,ABORT,ABORTED,6908.22,0.0,86,Aborted on trend-dominant week.,INITIAL,0.0,-150.0,150.0,150.0,,,,,,0.0,0.0,-33.056,-33.0,0.056
2025-10-28T19:30:00+00:00,SPX,2025-10-27,ABORT,ABORTED,6908.22,0.0,87,Aborted on trend-dominant week.,INITIAL,75.0,-75.0,225.0,150.0,,,,,,0.0,0.0,-33.056,-33.0,0.056
2025-11-03T15:00:00+00:00,SPX,2025-11-03,DEPLOY_INITIAL,ACTIVE,6842.96,0.0,88,Opened an initial weekly butterfly layer.,INITIAL,-75.0,-225.0,75.0,150.0,12.0,33.056,33.0,0.056,33.056,,,,,
2025-11-03T15:00:00+00:00,SPX,2025-11-03,DEPLOY_INITIAL,ACTIVE,6842.96,0.0,89,Opened an initial weekly butterfly layer.,INITIAL,0.0,-150.0,150.0,150.0,12.0,33.056,33.0,0.056,33.056,,,,,
2025-11-03T15:00:00+00:00,SPX,2025-11-03,DEPLOY_INITIAL,ACTIVE,6842.96,0.0,90,Opened an initial weekly butterfly layer.,INITIAL,75.0,-75.0,225.0,150.0,12.0,33.056,33.0,0.056,33.056,,,,,
2025-11-07T14:30:00+00:00,SPX,2025-11-03,EXIT_HOLD,EXITED,6681.69,0.0,88,Holding window reached its maximum trading-day length.,INITIAL,-75.0,-225.0,75.0,150.0,,,,,,0.0,0.0,-33.056,-33.0,0.056
2025-11-07T14:30:00+00:00,SPX,2025-11-03,EXIT_HOLD,EXITED,6681.69,0.0,89,Holding window reached its maximum trading-day length.,INITIAL,0.0,-150.0,150.0,150.0,,,,,,0.0,0.0,-33.056,-33.0,0.056
2025-11-07T14:30:00+00:00,SPX,2025-11-03,EXIT_HOLD,EXITED,6681.69,0.0,90,Holding window reached its maximum trading-day length.,INITIAL,75.0,-75.0,225.0,150.0,,,,,,0.0,0.0,-33.056,-33.0,0.056
2025-11-10T15:00:00+00:00,SPX,2025-11-10,DEPLOY_INITIAL,ACTIVE,6807.62,0.0,91,Opened an initial weekly butterfly layer.,INITIAL,-75.0,-225.0,75.0,150.0,12.0,33.056,33.0,0.056,33.056,,,,,
2025-11-10T15:00:00+00:00,SPX,2025-11-10,DEPLOY_INITIAL,ACTIVE,6807.62,0.0,92,Opened an initial weekly butterfly layer.,INITIAL,0.0,-150.0,150.0,150.0,12.0,33.056,33.0,0.056,33.056,,,,,
2025-11-10T15:00:00+00:00,SPX,2025-11-10,DEPLOY_INITIAL,ACTIVE,6807.62,0.0,93,Opened an initial weekly butterfly layer.,INITIAL,75.0,-75.0,225.0,150.0,12.0,33.056,33.0,0.056,33.056,,,,,
2025-11-14T14:30:00+00:00,SPX,2025-11-10,EXIT_HOLD,EXITED,6650.83,0.0,91,Holding window reached its maximum trading-day length.,INITIAL,-75.0,-225.0,75.0,150.0,,,,,,0.0,0.0,-33.056,-33.0,0.056
2025-11-14T14:30:00+00:00,SPX,2025-11-10,EXIT_HOLD,EXITED,6650.83,0.0,92,Holding window reached its maximum trading-day length.,INITIAL,0.0,-150.0,150.0,150.0,,,,,,0.0,0.0,-33.056,-33.0,0.056
2025-11-14T14:30:00+00:00,SPX,2025-11-10,EXIT_HOLD,EXITED,6650.83,0.0,93,Holding window reached its maximum trading-day length.,INITIAL,75.0,-75.0,225.0,150.0,,,,,,0.0,0.0,-33.056,-33.0,0.056
2025-11-17T15:00:00+00:00,SPX,2025-11-17,DEPLOY_INITIAL,ACTIVE,6732.74,0.0,94,Opened an initial weekly butterfly layer.,INITIAL,-75.0,-225.0,75.0,150.0,12.0,33.056,33.0,0.056,33.056,,,,,
2025-11-17T15:00:00+00:00,SPX,2025-11-17,DEPLOY_INITIAL,ACTIVE,6732.74,0.0,95,Opened an initial weekly butterfly layer.,INITIAL,0.0,-150.0,150.0,150.0,12.0,33.056,33.0,0.056,33.056,,,,,
2025-11-17T15:00:00+00:00,SPX,2025-11-17,DEPLOY_INITIAL,ACTIVE,6732.74,0.0,96,Opened an initial weekly butterfly layer.,INITIAL,75.0,-75.0,225.0,150.0,12.0,33.056,33.0,0.056,33.056,,,,,
2025-11-18T15:00:00+00:00,SPX,2025-11-17,ABORT,ABORTED,6585.8,0.0,94,Aborted on trend-dominant week.,INITIAL,-75.0,-225.0,75.0,150.0,,,,,,0.0,0.0,-33.056,-33.0,0.056
2025-11-18T15:00:00+00:00,SPX,2025-11-17,ABORT,ABORTED,6585.8,0.0,95,Aborted on trend-dominant week.,INITIAL,0.0,-150.0,150.0,150.0,,,,,,0.0,0.0,-33.056,-33.0,0.056
2025-11-18T15:00:00+00:00,SPX,2025-11-17,ABORT,ABORTED,6585.8,0.0,96,Aborted on trend-dominant week.,INITIAL,75.0,-75.0,225.0,150.0,,,,,,0.0,0.0,-33.056,-33.0,0.056
2025-11-24T15:00:00+00:00,SPX,2025-11-24,DEPLOY_INITIAL,ACTIVE,6666.14,0.0,97,Opened an initial weekly butterfly layer.,INITIAL,-75.0,-225.0,75.0,150.0,12.0,33.056,33.0,0.056,33.056,,,,,
2025-11-24T15:00:00+00:00,SPX,2025-11-24,DEPLOY_INITIAL,ACTIVE,6666.14,0.0,98,Opened an initial weekly butterfly layer.,INITIAL,0.0,-150.0,150.0,150.0,12.0,33.056,33.0,0.056,33.056,,,,,
2025-11-24T15:00:00+00:00,SPX,2025-11-24,DEPLOY_INITIAL,ACTIVE,6666.14,0.0,99,Opened an initial weekly butterfly layer.,INITIAL,75.0,-75.0,225.0,150.0,12.0,33.056,33.0,0.056,33.056,,,,,
2025-11-26T16:30:00+00:00,SPX,2025-11-24,ABORT,ABORTED,6822.17,0.0,97,Aborted on trend-dominant week.,INITIAL,-75.0,-225.0,75.0,150.0,,,,,,0.0,0.0,-33.056,-33.0,0.056
2025-11-26T16:30:00+00:00,SPX,2025-11-24,ABORT,ABORTED,6822.17,0.0,98,Aborted on trend-dominant week.,INITIAL,0.0,-150.0,150.0,150.0,,,,,,0.0,0.0,-33.056,-33.0,0.056
2025-11-26T16:30:00+00:00,SPX,2025-11-24,ABORT,ABORTED,6822.17,0.0,99,Aborted on trend-dominant week.,INITIAL,75.0,-75.0,225.0,150.0,,,,,,0.0,0.0,-33.056,-33.0,0.056
2025-12-01T19:00:00+00:00,SPX,2025-12-01,DEPLOY_INITIAL,ACTIVE,6836.22,0.0,100,Opened an initial weekly butterfly layer.,INITIAL,-75.0,-225.0,75.0,150.0,12.0,33.056,33.0,0.056,33.056,,,,,
2025-12-01T19:00:00+00:00,SPX,2025-12-01,DEPLOY_INITIAL,ACTIVE,6836.22,0.0,101,Opened an initial weekly butterfly layer.,INITIAL,0.0,-150.0,150.0,150.0,12.0,33.056,33.0,0.056,33.056,,,,,
2025-12-01T19:00:00+00:00,SPX,2025-12-01,DEPLOY_INITIAL,ACTIVE,6836.22,0.0,102,Opened an initial weekly butterfly layer.,INITIAL,75.0,-75.0,225.0,150.0,12.0,33.056,33.0,0.056,33.056,,,,,
2025-12-01T20:30:00+00:00,SPX,2025-12-01,ABORT,ABORTED,6818.67,0.0,100,Aborted on trend-dominant week.,INITIAL,-75.0,-225.0,75.0,150.0,,,,,,0.0,0.0,-33.056,-33.0,0.056
2025-12-01T20:30:00+00:00,SPX,2025-12-01,ABORT,ABORTED,6818.67,0.0,101,Aborted on trend-dominant week.,INITIAL,0.0,-150.0,150.0,150.0,,,,,,0.0,0.0,-33.056,-33.0,0.056
2025-12-01T20:30:00+00:00,SPX,2025-12-01,ABORT,ABORTED,6818.67,0.0,102,Aborted on trend-dominant week.,INITIAL,75.0,-75.0,225.0,150.0,,,,,,0.0,0.0,-33.056,-33.0,0.056
2025-12-08T15:00:00+00:00,SPX,2025-12-08,DEPLOY_INITIAL,ACTIVE,6868.24,0.0,103,Opened an initial weekly butterfly layer.,INITIAL,-75.0,-225.0,75.0,150.0,12.0,33.056,33.0,0.056,33.056,,,,,
2025-12-08T15:00:00+00:00,SPX,2025-12-08,DEPLOY_INITIAL,ACTIVE,6868.24,0.0,104,Opened an initial weekly butterfly layer.,INITIAL,0.0,-150.0,150.0,150.0,12.0,33.056,33.0,0.056,33.056,,,,,
2025-12-08T15:00:00+00:00,SPX,2025-12-08,DEPLOY_INITIAL,ACTIVE,6868.24,0.0,105,Opened an initial weekly butterfly layer.,INITIAL,75.0,-75.0,225.0,150.0,12.0,33.056,33.0,0.056,33.056,,,,,
2025-12-12T14:30:00+00:00,SPX,2025-12-08,EXIT_HOLD,EXITED,6895.42,0.0,103,Holding window reached its maximum trading-day length.,INITIAL,-75.0,-225.0,75.0,150.0,,,,,,0.0,0.0,-33.056,-33.0,0.056
2025-12-12T14:30:00+00:00,SPX,2025-12-08,EXIT_HOLD,EXITED,6895.42,0.0,104,Holding window reached its maximum trading-day length.,INITIAL,0.0,-150.0,150.0,150.0,,,,,,0.0,0.0,-33.056,-33.0,0.056
2025-12-12T14:30:00+00:00,SPX,2025-12-08,EXIT_HOLD,EXITED,6895.42,0.0,105,Holding window reached its maximum trading-day length.,INITIAL,75.0,-75.0,225.0,150.0,,,,,,0.0,0.0,-33.056,-33.0,0.056
2025-12-15T15:00:00+00:00,SPX,2025-12-15,DEPLOY_INITIAL,ACTIVE,6823.97,0.0,106,Opened an initial weekly butterfly layer.,INITIAL,-75.0,-225.0,75.0,150.0,12.0,33.056,33.0,0.056,33.056,,,,,
2025-12-15T15:00:00+00:00,SPX,2025-12-15,DEPLOY_INITIAL,ACTIVE,6823.97,0.0,107,Opened an initial weekly butterfly layer.,INITIAL,0.0,-150.0,150.0,150.0,12.0,33.056,33.0,0.056,33.056,,,,,
2025-12-15T15:00:00+00:00,SPX,2025-12-15,DEPLOY_INITIAL,ACTIVE,6823.97,0.0,108,Opened an initial weekly butterfly layer.,INITIAL,75.0,-75.0,225.0,150.0,12.0,33.056,33.0,0.056,33.056,,,,,
2025-12-19T14:30:00+00:00,SPX,2025-12-15,EXIT_HOLD,EXITED,6810.72,0.0,106,Holding window reached its maximum trading-day length.,INITIAL,-75.0,-225.0,75.0,150.0,,,,,,0.0,0.0,-33.056,-33.0,0.056
2025-12-19T14:30:00+00:00,SPX,2025-12-15,EXIT_HOLD,EXITED,6810.72,0.0,107,Holding window reached its maximum trading-day length.,INITIAL,0.0,-150.0,150.0,150.0,,,,,,0.0,0.0,-33.056,-33.0,0.056
2025-12-19T14:30:00+00:00,SPX,2025-12-15,EXIT_HOLD,EXITED,6810.72,0.0,108,Holding window reached its maximum trading-day length.,INITIAL,75.0,-75.0,225.0,150.0,,,,,,0.0,0.0,-33.056,-33.0,0.056
2025-12-22T15:00:00+00:00,SPX,2025-12-22,DEPLOY_INITIAL,ACTIVE,6863.33,0.0,109,Opened an initial weekly butterfly layer.,INITIAL,-75.0,-225.0,75.0,150.0,12.0,33.056,33.0,0.056,33.056,,,,,
2025-12-22T15:00:00+00:00,SPX,2025-12-22,DEPLOY_INITIAL,ACTIVE,6863.33,0.0,110,Opened an initial weekly butterfly layer.,INITIAL,0.0,-150.0,150.0,150.0,12.0,33.056,33.0,0.056,33.056,,,,,
2025-12-22T15:00:00+00:00,SPX,2025-12-22,DEPLOY_INITIAL,ACTIVE,6863.33,0.0,111,Opened an initial weekly butterfly layer.,INITIAL,75.0,-75.0,225.0,150.0,12.0,33.056,33.0,0.056,33.056,,,,,
2025-12-24T18:00:00+00:00,SPX,2025-12-22,ABORT,ABORTED,6931.35,0.0,109,Aborted on trend-dominant week.,INITIAL,-75.0,-225.0,75.0,150.0,,,,,,0.0,0.0,-33.056,-33.0,0.056
2025-12-24T18:00:00+00:00,SPX,2025-12-22,ABORT,ABORTED,6931.35,0.0,110,Aborted on trend-dominant week.,INITIAL,0.0,-150.0,150.0,150.0,,,,,,0.0,0.0,-33.056,-33.0,0.056
2025-12-24T18:00:00+00:00,SPX,2025-12-22,ABORT,ABORTED,6931.35,0.0,111,Aborted on trend-dominant week.,INITIAL,75.0,-75.0,225.0,150.0,,,,,,0.0,0.0,-33.056,-33.0,0.056
2025-12-29T15:00:00+00:00,SPX,2025-12-29,DEPLOY_INITIAL,ACTIVE,6901.59,0.0,112,Opened an initial weekly butterfly layer.,INITIAL,-75.0,-225.0,75.0,150.0,12.0,33.056,33.0,0.056,33.056,,,,,
2025-12-29T15:00:00+00:00,SPX,2025-12-29,DEPLOY_INITIAL,ACTIVE,6901.59,0.0,113,Opened an initial weekly butterfly layer.,INITIAL,0.0,-150.0,150.0,150.0,12.0,33.056,33.0,0.056,33.056,,,,,
2025-12-29T15:00:00+00:00,SPX,2025-12-29,DEPLOY_INITIAL,ACTIVE,6901.59,0.0,114,Opened an initial weekly butterfly layer.,INITIAL,75.0,-75.0,225.0,150.0,12.0,33.056,33.0,0.056,33.056,,,,,
2026-01-02T14:30:00+00:00,SPX,2025-12-29,EXIT_HOLD,EXITED,6874.77,0.0,112,Holding window reached its maximum trading-day length.,INITIAL,-75.0,-225.0,75.0,150.0,,,,,,0.0,0.0,-33.056,-33.0,0.056
2026-01-02T14:30:00+00:00,SPX,2025-12-29,EXIT_HOLD,EXITED,6874.77,0.0,113,Holding window reached its maximum trading-day length.,INITIAL,0.0,-150.0,150.0,150.0,,,,,,0.0,0.0,-33.056,-33.0,0.056
2026-01-02T14:30:00+00:00,SPX,2025-12-29,EXIT_HOLD,EXITED,6874.77,0.0,114,Holding window reached its maximum trading-day length.,INITIAL,75.0,-75.0,225.0,150.0,,,,,,0.0,0.0,-33.056,-33.0,0.056
2026-01-05T15:00:00+00:00,SPX,2026-01-05,DEPLOY_INITIAL,ACTIVE,6902.9,0.0,115,Opened an initial weekly butterfly layer.,INITIAL,-75.0,-225.0,75.0,150.0,12.0,33.056,33.0,0.056,33.056,,,,,
2026-01-05T15:00:00+00:00,SPX,2026-01-05,DEPLOY_INITIAL,ACTIVE,6902.9,0.0,116,Opened an initial weekly butterfly layer.,INITIAL,0.0,-150.0,150.0,150.0,12.0,33.056,33.0,0.056,33.056,,,,,
2026-01-05T15:00:00+00:00,SPX,2026-01-05,DEPLOY_INITIAL,ACTIVE,6902.9,0.0,117,Opened an initial weekly butterfly layer.,INITIAL,75.0,-75.0,225.0,150.0,12.0,33.056,33.0,0.056,33.056,,,,,
2026-01-09T14:30:00+00:00,SPX,2026-01-05,EXIT_HOLD,EXITED,6935.7,0.0,115,Holding window reached its maximum trading-day length.,INITIAL,-75.0,-225.0,75.0,150.0,,,,,,0.0,0.0,-33.056,-33.0,0.056
2026-01-09T14:30:00+00:00,SPX,2026-01-05,EXIT_HOLD,EXITED,6935.7,0.0,116,Holding window reached its maximum trading-day length.,INITIAL,0.0,-150.0,150.0,150.0,,,,,,0.0,0.0,-33.056,-33.0,0.056
2026-01-09T14:30:00+00:00,SPX,2026-01-05,EXIT_HOLD,EXITED,6935.7,0.0,117,Holding window reached its maximum trading-day length.,INITIAL,75.0,-75.0,225.0,150.0,,,,,,0.0,0.0,-33.056,-33.0,0.056
2026-01-12T15:00:00+00:00,SPX,2026-01-12,DEPLOY_INITIAL,ACTIVE,6958.51,0.0,118,Opened an initial weekly butterfly layer.,INITIAL,-75.0,-225.0,75.0,150.0,12.0,33.056,33.0,0.056,33.056,,,,,
2026-01-12T15:00:00+00:00,SPX,2026-01-12,DEPLOY_INITIAL,ACTIVE,6958.51,0.0,119,Opened an initial weekly butterfly layer.,INITIAL,0.0,-150.0,150.0,150.0,12.0,33.056,33.0,0.056,33.056,,,,,
2026-01-12T15:00:00+00:00,SPX,2026-01-12,DEPLOY_INITIAL,ACTIVE,6958.51,0.0,120,Opened an initial weekly butterfly layer.,INITIAL,75.0,-75.0,225.0,150.0,12.0,33.056,33.0,0.056,33.056,,,,,
2026-01-16T14:30:00+00:00,SPX,2026-01-12,EXIT_HOLD,EXITED,6963.66,0.0,118,Holding window reached its maximum trading-day length.,INITIAL,-75.0,-225.0,75.0,150.0,,,,,,0.0,0.0,-33.056,-33.0,0.056
2026-01-16T14:30:00+00:00,SPX,2026-01-12,EXIT_HOLD,EXITED,6963.66,0.0,119,Holding window reached its maximum trading-day length.,INITIAL,0.0,-150.0,150.0,150.0,,,,,,0.0,0.0,-33.056,-33.0,0.056
2026-01-16T14:30:00+00:00,SPX,2026-01-12,EXIT_HOLD,EXITED,6963.66,0.0,120,Holding window reached its maximum trading-day length.,INITIAL,75.0,-75.0,225.0,150.0,,,,,,0.0,0.0,-33.056,-33.0,0.056
2026-01-20T15:00:00+00:00,SPX,2026-01-19,DEPLOY_INITIAL,ACTIVE,6842.46,0.0,121,Opened an initial weekly butterfly layer.,INITIAL,-75.0,-225.0,75.0,150.0,12.0,33.056,33.0,0.056,33.056,,,,,
2026-01-20T15:00:00+00:00,SPX,2026-01-19,DEPLOY_INITIAL,ACTIVE,6842.46,0.0,122,Opened an initial weekly butterfly layer.,INITIAL,0.0,-150.0,150.0,150.0,12.0,33.056,33.0,0.056,33.056,,,,,
2026-01-20T15:00:00+00:00,SPX,2026-01-19,DEPLOY_INITIAL,ACTIVE,6842.46,0.0,123,Opened an initial weekly butterfly layer.,INITIAL,75.0,-75.0,225.0,150.0,12.0,33.056,33.0,0.056,33.056,,,,,
2026-01-23T20:00:00+00:00,SPX,2026-01-19,EXIT_WEEK,EXITED,6915.56,0.0,121,Forced weekly exit window reached.,INITIAL,-75.0,-225.0,75.0,150.0,,,,,,0.0,0.0,-33.056,-33.0,0.056
2026-01-23T20:00:00+00:00,SPX,2026-01-19,EXIT_WEEK,EXITED,6915.56,0.0,122,Forced weekly exit window reached.,INITIAL,0.0,-150.0,150.0,150.0,,,,,,0.0,0.0,-33.056,-33.0,0.056
2026-01-23T20:00:00+00:00,SPX,2026-01-19,EXIT_WEEK,EXITED,6915.56,0.0,123,Forced weekly exit window reached.,INITIAL,75.0,-75.0,225.0,150.0,,,,,,0.0,0.0,-33.056,-33.0,0.056
2026-01-26T15:00:00+00:00,SPX,2026-01-26,DEPLOY_INITIAL,ACTIVE,6945.82,0.0,124,Opened an initial weekly butterfly layer.,INITIAL,-75.0,-225.0,75.0,150.0,12.0,33.056,33.0,0.056,33.056,,,,,
2026-01-26T15:00:00+00:00,SPX,2026-01-26,DEPLOY_INITIAL,ACTIVE,6945.82,0.0,125,Opened an initial weekly butterfly layer.,INITIAL,0.0,-150.0,150.0,150.0,12.0,33.056,33.0,0.056,33.056,,,,,
2026-01-26T15:00:00+00:00,SPX,2026-01-26,DEPLOY_INITIAL,ACTIVE,6945.82,0.0,126,Opened an initial weekly butterfly layer.,INITIAL,75.0,-75.0,225.0,150.0,12.0,33.056,33.0,0.056,33.056,,,,,
2026-01-30T14:30:00+00:00,SPX,2026-01-26,EXIT_HOLD,EXITED,6954.65,0.0,124,Holding window reached its maximum trading-day length.,INITIAL,-75.0,-225.0,75.0,150.0,,,,,,0.0,0.0,-33.056,-33.0,0.056
2026-01-30T14:30:00+00:00,SPX,2026-01-26,EXIT_HOLD,EXITED,6954.65,0.0,125,Holding window reached its maximum trading-day length.,INITIAL,0.0,-150.0,150.0,150.0,,,,,,0.0,0.0,-33.056,-33.0,0.056
2026-01-30T14:30:00+00:00,SPX,2026-01-26,EXIT_HOLD,EXITED,6954.65,0.0,126,Holding window reached its maximum trading-day length.,INITIAL,75.0,-75.0,225.0,150.0,,,,,,0.0,0.0,-33.056,-33.0,0.056
2026-02-02T15:00:00+00:00,SPX,2026-02-02,DEPLOY_INITIAL,ACTIVE,6959.46,0.0,127,Opened an initial weekly butterfly layer.,INITIAL,-75.0,-225.0,75.0,150.0,12.0,33.056,33.0,0.056,33.056,,,,,
2026-02-02T15:00:00+00:00,SPX,2026-02-02,DEPLOY_INITIAL,ACTIVE,6959.46,0.0,128,Opened an initial weekly butterfly layer.,INITIAL,0.0,-150.0,150.0,150.0,12.0,33.056,33.0,0.056,33.056,,,,,
2026-02-02T15:00:00+00:00,SPX,2026-02-02,DEPLOY_INITIAL,ACTIVE,6959.46,0.0,129,Opened an initial weekly butterfly layer.,INITIAL,75.0,-75.0,225.0,150.0,12.0,33.056,33.0,0.056,33.056,,,,,
2026-02-06T14:30:00+00:00,SPX,2026-02-02,EXIT_HOLD,EXITED,6860.93,0.0,127,Holding window reached its maximum trading-day length.,INITIAL,-75.0,-225.0,75.0,150.0,,,,,,0.0,0.0,-33.056,-33.0,0.056
2026-02-06T14:30:00+00:00,SPX,2026-02-02,EXIT_HOLD,EXITED,6860.93,0.0,128,Holding window reached its maximum trading-day length.,INITIAL,0.0,-150.0,150.0,150.0,,,,,,0.0,0.0,-33.056,-33.0,0.056
2026-02-06T14:30:00+00:00,SPX,2026-02-02,EXIT_HOLD,EXITED,6860.93,0.0,129,Holding window reached its maximum trading-day length.,INITIAL,75.0,-75.0,225.0,150.0,,,,,,0.0,0.0,-33.056,-33.0,0.056
2026-02-09T15:00:00+00:00,SPX,2026-02-09,DEPLOY_INITIAL,ACTIVE,6934.32,0.0,130,Opened an initial weekly butterfly layer.,INITIAL,-75.0,-225.0,75.0,150.0,12.0,33.056,33.0,0.056,33.056,,,,,
2026-02-09T15:00:00+00:00,SPX,2026-02-09,DEPLOY_INITIAL,ACTIVE,6934.32,0.0,131,Opened an initial weekly butterfly layer.,INITIAL,0.0,-150.0,150.0,150.0,12.0,33.056,33.0,0.056,33.056,,,,,
2026-02-09T15:00:00+00:00,SPX,2026-02-09,DEPLOY_INITIAL,ACTIVE,6934.32,0.0,132,Opened an initial weekly butterfly layer.,INITIAL,75.0,-75.0,225.0,150.0,12.0,33.056,33.0,0.056,33.056,,,,,
2026-02-13T14:30:00+00:00,SPX,2026-02-09,EXIT_HOLD,EXITED,6830.99,0.0,130,Holding window reached its maximum trading-day length.,INITIAL,-75.0,-225.0,75.0,150.0,,,,,,0.0,0.0,-33.056,-33.0,0.056
2026-02-13T14:30:00+00:00,SPX,2026-02-09,EXIT_HOLD,EXITED,6830.99,0.0,131,Holding window reached its maximum trading-day length.,INITIAL,0.0,-150.0,150.0,150.0,,,,,,0.0,0.0,-33.056,-33.0,0.056
2026-02-13T14:30:00+00:00,SPX,2026-02-09,EXIT_HOLD,EXITED,6830.99,0.0,132,Holding window reached its maximum trading-day length.,INITIAL,75.0,-75.0,225.0,150.0,,,,,,0.0,0.0,-33.056,-33.0,0.056
2026-02-17T15:00:00+00:00,SPX,2026-02-16,DEPLOY_INITIAL,ACTIVE,6799.53,0.0,133,Opened an initial weekly butterfly layer.,INITIAL,-75.0,-225.0,75.0,150.0,12.0,33.056,33.0,0.056,33.056,,,,,
2026-02-17T15:00:00+00:00,SPX,2026-02-16,DEPLOY_INITIAL,ACTIVE,6799.53,0.0,134,Opened an initial weekly butterfly layer.,INITIAL,0.0,-150.0,150.0,150.0,12.0,33.056,33.0,0.056,33.056,,,,,
2026-02-17T15:00:00+00:00,SPX,2026-02-16,DEPLOY_INITIAL,ACTIVE,6799.53,0.0,135,Opened an initial weekly butterfly layer.,INITIAL,75.0,-75.0,225.0,150.0,12.0,33.056,33.0,0.056,33.056,,,,,
2026-02-20T20:00:00+00:00,SPX,2026-02-16,EXIT_WEEK,EXITED,6902.63,0.0,133,Forced weekly exit window reached.,INITIAL,-75.0,-225.0,75.0,150.0,,,,,,0.0,0.0,-33.056,-33.0,0.056
2026-02-20T20:00:00+00:00,SPX,2026-02-16,EXIT_WEEK,EXITED,6902.63,0.0,134,Forced weekly exit window reached.,INITIAL,0.0,-150.0,150.0,150.0,,,,,,0.0,0.0,-33.056,-33.0,0.056
2026-02-20T20:00:00+00:00,SPX,2026-02-16,EXIT_WEEK,EXITED,6902.63,0.0,135,Forced weekly exit window reached.,INITIAL,75.0,-75.0,225.0,150.0,,,,,,0.0,0.0,-33.056,-33.0,0.056
2026-02-23T15:00:00+00:00,SPX,2026-02-23,DEPLOY_INITIAL,ACTIVE,6868.98,0.0,136,Opened an initial weekly butterfly layer.,INITIAL,-75.0,-225.0,75.0,150.0,12.0,33.056,33.0,0.056,33.056,,,,,
2026-02-23T15:00:00+00:00,SPX,2026-02-23,DEPLOY_INITIAL,ACTIVE,6868.98,0.0,137,Opened an initial weekly butterfly layer.,INITIAL,0.0,-150.0,150.0,150.0,12.0,33.056,33.0,0.056,33.056,,,,,
2026-02-23T15:00:00+00:00,SPX,2026-02-23,DEPLOY_INITIAL,ACTIVE,6868.98,0.0,138,Opened an initial weekly butterfly layer.,INITIAL,75.0,-75.0,225.0,150.0,12.0,33.056,33.0,0.056,33.056,,,,,
2026-02-27T14:30:00+00:00,SPX,2026-02-23,EXIT_HOLD,EXITED,6852.52,0.0,136,Holding window reached its maximum trading-day length.,INITIAL,-75.0,-225.0,75.0,150.0,,,,,,0.0,0.0,-33.056,-33.0,0.056
2026-02-27T14:30:00+00:00,SPX,2026-02-23,EXIT_HOLD,EXITED,6852.52,0.0,137,Holding window reached its maximum trading-day length.,INITIAL,0.0,-150.0,150.0,150.0,,,,,,0.0,0.0,-33.056,-33.0,0.056
2026-02-27T14:30:00+00:00,SPX,2026-02-23,EXIT_HOLD,EXITED,6852.52,0.0,138,Holding window reached its maximum trading-day length.,INITIAL,75.0,-75.0,225.0,150.0,,,,,,0.0,0.0,-33.056,-33.0,0.056
2026-03-02T15:00:00+00:00,SPX,2026-03-02,DEPLOY_INITIAL,ACTIVE,6857.38,0.0,139,Opened an initial weekly butterfly layer.,INITIAL,-75.0,-225.0,75.0,150.0,12.0,33.056,33.0,0.056,33.056,,,,,
2026-03-02T15:00:00+00:00,SPX,2026-03-02,DEPLOY_INITIAL,ACTIVE,6857.38,0.0,140,Opened an initial weekly butterfly layer.,INITIAL,0.0,-150.0,150.0,150.0,12.0,33.056,33.0,0.056,33.056,,,,,
2026-03-02T15:00:00+00:00,SPX,2026-03-02,DEPLOY_INITIAL,ACTIVE,6857.38,0.0,141,Opened an initial weekly butterfly layer.,INITIAL,75.0,-75.0,225.0,150.0,12.0,33.056,33.0,0.056,33.056,,,,,
2026-03-06T14:30:00+00:00,SPX,2026-03-02,EXIT_HOLD,EXITED,6736.85,0.0,139,Holding window reached its maximum trading-day length.,INITIAL,-75.0,-225.0,75.0,150.0,,,,,,0.0,0.0,-33.056,-33.0,0.056
2026-03-06T14:30:00+00:00,SPX,2026-03-02,EXIT_HOLD,EXITED,6736.85,0.0,140,Holding window reached its maximum trading-day length.,INITIAL,0.0,-150.0,150.0,150.0,,,,,,0.0,0.0,-33.056,-33.0,0.056
2026-03-06T14:30:00+00:00,SPX,2026-03-02,EXIT_HOLD,EXITED,6736.85,0.0,141,Holding window reached its maximum trading-day length.,INITIAL,75.0,-75.0,225.0,150.0,,,,,,0.0,0.0,-33.056,-33.0,0.056
2026-03-09T15:00:00+00:00,SPX,2026-03-09,DEPLOY_INITIAL,ACTIVE,6696.95,0.0,142,Opened an initial weekly butterfly layer.,INITIAL,-75.0,-225.0,75.0,150.0,12.0,33.056,33.0,0.056,33.056,,,,,
2026-03-09T15:00:00+00:00,SPX,2026-03-09,DEPLOY_INITIAL,ACTIVE,6696.95,0.0,143,Opened an initial weekly butterfly layer.,INITIAL,0.0,-150.0,150.0,150.0,12.0,33.056,33.0,0.056,33.056,,,,,
2026-03-09T15:00:00+00:00,SPX,2026-03-09,DEPLOY_INITIAL,ACTIVE,6696.95,0.0,144,Opened an initial weekly butterfly layer.,INITIAL,75.0,-75.0,225.0,150.0,12.0,33.056,33.0,0.056,33.056,,,,,
2026-03-13T13:30:00+00:00,SPX,2026-03-09,EXIT_HOLD,EXITED,6707.44,0.0,142,Holding window reached its maximum trading-day length.,INITIAL,-75.0,-225.0,75.0,150.0,,,,,,0.0,0.0,-33.056,-33.0,0.056
2026-03-13T13:30:00+00:00,SPX,2026-03-09,EXIT_HOLD,EXITED,6707.44,0.0,143,Holding window reached its maximum trading-day length.,INITIAL,0.0,-150.0,150.0,150.0,,,,,,0.0,0.0,-33.056,-33.0,0.056
2026-03-13T13:30:00+00:00,SPX,2026-03-09,EXIT_HOLD,EXITED,6707.44,0.0,144,Holding window reached its maximum trading-day length.,INITIAL,75.0,-75.0,225.0,150.0,,,,,,0.0,0.0,-33.056,-33.0,0.056
2026-03-16T14:00:00+00:00,SPX,2026-03-16,DEPLOY_INITIAL,ACTIVE,6711.6,0.0,145,Opened an initial weekly butterfly layer.,INITIAL,-75.0,-225.0,75.0,150.0,12.0,33.056,33.0,0.056,33.056,,,,,
2026-03-16T14:00:00+00:00,SPX,2026-03-16,DEPLOY_INITIAL,ACTIVE,6711.6,0.0,146,Opened an initial weekly butterfly layer.,INITIAL,0.0,-150.0,150.0,150.0,12.0,33.056,33.0,0.056,33.056,,,,,
2026-03-16T14:00:00+00:00,SPX,2026-03-16,DEPLOY_INITIAL,ACTIVE,6711.6,0.0,147,Opened an initial weekly butterfly layer.,INITIAL,75.0,-75.0,225.0,150.0,12.0,33.056,33.0,0.056,33.056,,,,,
2026-03-19T13:30:00+00:00,SPX,2026-03-16,ABORT,ABORTED,6567.98,0.0,145,Aborted on trend-dominant week.,INITIAL,-75.0,-225.0,75.0,150.0,,,,,,0.0,0.0,-33.056,-33.0,0.056
2026-03-19T13:30:00+00:00,SPX,2026-03-16,ABORT,ABORTED,6567.98,0.0,146,Aborted on trend-dominant week.,INITIAL,0.0,-150.0,150.0,150.0,,,,,,0.0,0.0,-33.056,-33.0,0.056
2026-03-19T13:30:00+00:00,SPX,2026-03-16,ABORT,ABORTED,6567.98,0.0,147,Aborted on trend-dominant week.,INITIAL,75.0,-75.0,225.0,150.0,,,,,,0.0,0.0,-33.056,-33.0,0.056
2026-03-23T14:00:00+00:00,SPX,2026-03-23,DEPLOY_INITIAL,ACTIVE,6618.61,0.0,148,Opened an initial weekly butterfly layer.,INITIAL,-75.0,-225.0,75.0,150.0,12.0,33.056,33.0,0.056,33.056,,,,,
2026-03-23T14:00:00+00:00,SPX,2026-03-23,DEPLOY_INITIAL,ACTIVE,6618.61,0.0,149,Opened an initial weekly butterfly layer.,INITIAL,0.0,-150.0,150.0,150.0,12.0,33.056,33.0,0.056,33.056,,,,,
2026-03-23T14:00:00+00:00,SPX,2026-03-23,DEPLOY_INITIAL,ACTIVE,6618.61,0.0,150,Opened an initial weekly butterfly layer.,INITIAL,75.0,-75.0,225.0,150.0,12.0,33.056,33.0,0.056,33.056,,,,,
2026-03-27T13:30:00+00:00,SPX,2026-03-23,EXIT_HOLD,EXITED,6430.49,0.0,148,Holding window reached its maximum trading-day length.,INITIAL,-75.0,-225.0,75.0,150.0,,,,,,0.0,0.0,-33.056,-33.0,0.056
2026-03-27T13:30:00+00:00,SPX,2026-03-23,EXIT_HOLD,EXITED,6430.49,0.0,149,Holding window reached its maximum trading-day length.,INITIAL,0.0,-150.0,150.0,150.0,,,,,,0.0,0.0,-33.056,-33.0,0.056
2026-03-27T13:30:00+00:00,SPX,2026-03-23,EXIT_HOLD,EXITED,6430.49,0.0,150,Holding window reached its maximum trading-day length.,INITIAL,75.0,-75.0,225.0,150.0,,,,,,0.0,0.0,-33.056,-33.0,0.056
